NAME,TEAM,POS,AGE,G,GS,MP,FG,FGA,FG%,3P,3PA,3P%,2P,2PA,2P%,eFG%,FT,FTA,FT%,ORB,DRB,TRB,AST,STL,BLK,TOV,PF,PTS
Jeff Adrien, GSW, PF,24,23, 0, 8.5,1.0,2.3, .426, 0.0,0.0,, 1.0, 2.3,.426,.426, 0.5,0.8,.579, 1.0,1.5,2.5,0.4, 0.2, 0.2,0.4,1.2, 2.5
Arron Afflalo, DEN, SG,25,69, 69, 33.7,4.5,9.1, .498, 1.5,3.6,.423, 3.0, 5.5,.546,.581, 2.0,2.4,.847, 0.7,3.0,3.6,2.4, 0.5, 0.4,1.0,2.2, 12.6
Maurice Ager, MIN, SG,26,4, 0, 7.3,1.5,2.8, .545, 0.8,1.0,.750, 0.8, 1.8,.429,.682, 0.0,0.0,, 0.0,0.5,0.5,0.3, 0.3, 0.0,1.0,1.0, 3.8
Alexis Ajinça, TOT, C,22,34, 2, 10.0,1.7,3.9, .444, 0.4,1.0,.353, 1.4, 2.9,.475,.489, 0.4,0.5,.722, 0.5,1.8,2.3,0.3, 0.3, 0.6,0.5,2.1, 4.2
Alexis Ajinça, DAL, C,22,10, 2, 7.5,1.2,3.2, .375, 0.3,0.7,.429, 0.9, 2.5,.360,.422, 0.2,0.3,.667, 0.5,1.2,1.7,0.2, 0.3, 0.5,0.1,1.3, 2.9
Alexis Ajinça, TOR, C,22,24, 0, 11.0,2.0,4.2, .465, 0.4,1.1,.333, 1.6, 3.1,.514,.510, 0.5,0.6,.733, 0.5,2.0,2.5,0.3, 0.3, 0.6,0.7,2.5, 4.8
Solomon Alabi, TOR, C,22,12, 0, 4.9,0.3,1.3, .200, 0.0,0.0,, 0.3, 1.3,.200,.200, 0.0,0.2,.000, 0.6,0.6,1.2,0.2, 0.2, 0.2,0.3,0.4, 0.5
Cole Aldrich, OKC, C,22,18, 0, 7.9,0.4,0.8, .533, 0.0,0.0,, 0.4, 0.8,.533,.533, 0.1,0.2,.500, 0.7,1.2,1.9,0.2, 0.3, 0.4,0.4,1.7, 1.0
LaMarcus Aldridge, POR, PF,25,81, 81, 39.6,8.7,17.5, .500, 0.0,0.3,.174, 8.7, 17.2,.505,.501, 4.3,5.5,.791, 3.4,5.3,8.8,2.1, 1.0, 1.2,1.9,2.7, 21.8
Malik Allen, ORL, PF,32,18, 0, 9.9,0.6,1.7, .355, 0.0,0.0,, 0.6, 1.7,.355,.355, 0.1,0.1,.500, 0.7,1.1,1.8,0.2, 0.1, 0.2,0.2,1.7, 1.3
Ray Allen*, BOS, SG,35,80, 80, 36.1,6.0,12.2, .491, 2.1,4.7,.444, 3.9, 7.5,.520,.577, 2.4,2.7,.881, 0.6,2.8,3.4,2.7, 1.0, 0.2,1.5,1.8, 16.5
Tony Allen, MEM, SG,29,72, 31, 20.8,3.5,6.8, .510, 0.1,0.3,.174, 3.4, 6.5,.527,.514, 1.9,2.5,.753, 1.0,1.7,2.7,1.4, 1.8, 0.6,1.2,2.2, 8.9
Al-Farouq Aminu, LAC, SF,20,81, 14, 17.9,2.0,5.0, .394, 0.6,1.8,.315, 1.4, 3.2,.437,.450, 1.1,1.5,.773, 0.9,2.4,3.3,0.7, 0.7, 0.3,1.3,1.5, 5.6
Lou Amundson, GSW, PF,28,46, 7, 15.0,1.8,4.0, .454, 0.0,0.0,, 1.8, 4.0,.454,.454, 0.7,1.9,.391, 1.8,2.3,4.0,0.4, 0.3, 0.7,0.5,1.9, 4.3
Chris Andersen, DEN, C,32,45, 0, 16.3,1.8,3.0, .599, 0.0,0.0,.000, 1.8, 3.0,.603,.599, 1.9,3.0,.637, 1.7,3.2,4.9,0.4, 0.5, 1.3,0.6,1.8, 5.6
David Andersen, TOT, PF,30,40, 0, 9.3,1.4,3.0, .463, 0.2,0.6,.348, 1.2, 2.5,.490,.496, 0.4,0.6,.636, 0.5,1.6,2.1,0.3, 0.1, 0.2,0.6,1.0, 3.4
David Andersen, TOR, PF,30,11, 0, 13.6,2.1,4.3, .489, 0.3,0.9,.300, 1.8, 3.4,.541,.521, 0.6,0.6,1.000, 0.7,2.4,3.1,0.6, 0.3, 0.3,0.7,1.0, 5.1
David Andersen, NOH, PF,30,29, 0, 7.7,1.1,2.6, .446, 0.2,0.4,.385, 1.0, 2.1,.459,.480, 0.2,0.5,.467, 0.4,1.3,1.7,0.2, 0.1, 0.2,0.5,1.0, 2.7
James Anderson, SAS, SF,21,26, 2, 11.0,1.2,3.1, .383, 0.7,1.8,.391, 0.5, 1.3,.371,.494, 0.5,0.7,.778, 0.1,0.8,0.9,0.7, 0.1, 0.2,0.5,0.9, 3.6
Ryan Anderson, ORL, PF,22,64, 14, 22.3,3.5,8.2, .430, 2.1,5.3,.393, 1.4, 2.9,.500,.558, 1.5,1.8,.812, 2.0,3.5,5.5,0.8, 0.5, 0.6,0.8,2.1, 10.6
Carmelo Anthony, TOT, SF,26,77, 77, 35.7,8.9,19.5, .455, 1.2,3.3,.378, 7.6, 16.3,.470,.487, 6.6,7.9,.838, 1.5,5.8,7.3,2.9, 0.9, 0.6,2.7,2.9, 25.6
Carmelo Anthony, DEN, SF,26,50, 50, 35.5,8.7,19.3, .452, 0.8,2.5,.333, 7.9, 16.8,.470,.474, 6.9,8.3,.823, 1.5,6.1,7.6,2.8, 0.9, 0.6,2.8,2.7, 25.2
Carmelo Anthony, NYK, SF,26,27, 27, 36.2,9.1,19.9, .461, 2.0,4.6,.424, 7.2, 15.2,.472,.510, 6.1,7.0,.872, 1.5,5.2,6.7,3.0, 0.9, 0.6,2.4,3.3, 26.3
Joel Anthony, MIA, C,28,75, 11, 19.5,0.7,1.3, .535, 0.0,0.0,, 0.7, 1.3,.535,.535, 0.6,1.0,.644, 1.4,2.2,3.5,0.3, 0.1, 1.2,0.5,2.6, 2.0
Gilbert Arenas, TOT, PG,29,70, 16, 25.7,3.8,10.5, .366, 1.4,4.7,.297, 2.5, 5.8,.423,.433, 1.7,2.2,.784, 0.3,2.4,2.7,3.9, 1.1, 0.3,2.5,2.7, 10.8
Gilbert Arenas, WAS, PG,29,21, 14, 34.6,6.2,15.7, .394, 2.2,6.9,.324, 4.0, 8.8,.449,.465, 2.7,3.2,.836, 0.3,3.0,3.3,5.6, 1.4, 0.6,3.4,3.6, 17.3
Gilbert Arenas, ORL, PG,29,49, 2, 21.8,2.8,8.2, .344, 1.0,3.7,.275, 1.8, 4.5,.401,.406, 1.3,1.8,.744, 0.3,2.1,2.4,3.2, 0.9, 0.2,2.2,2.3, 8.0
Trevor Ariza, NOH, SF,25,75, 75, 34.7,4.0,10.2, .398, 1.1,3.6,.303, 2.9, 6.5,.450,.451, 1.8,2.6,.701, 0.8,4.6,5.4,2.2, 1.6, 0.4,1.6,2.4, 11.0
Hilton Armstrong, TOT, C,26,53, 2, 9.2,0.7,1.4, .487, 0.0,0.1,.500, 0.7, 1.4,.486,.500, 0.3,0.6,.485, 0.8,1.7,2.5,0.3, 0.3, 0.4,0.5,1.6, 1.7
Hilton Armstrong, WAS, C,26,41, 2, 10.0,0.8,1.6, .484, 0.0,0.1,.333, 0.7, 1.5,.492,.492, 0.3,0.6,.609, 1.0,1.8,2.8,0.2, 0.4, 0.4,0.6,1.8, 1.9
Hilton Armstrong, ATL, C,26,12, 0, 6.3,0.5,1.0, .500, 0.1,0.1,1.000, 0.4, 0.9,.455,.542, 0.2,0.8,.200, 0.3,1.2,1.4,0.3, 0.3, 0.4,0.3,0.8, 1.3
Carlos Arroyo, TOT, PG,31,64, 43, 18.5,1.9,4.3, .440, 0.5,1.1,.449, 1.4, 3.2,.436,.496, 0.6,0.7,.830, 0.3,1.3,1.6,2.0, 0.3, 0.0,0.9,1.1, 4.8
Carlos Arroyo, MIA, PG,31,49, 42, 20.3,2.2,4.9, .458, 0.6,1.3,.438, 1.7, 3.6,.466,.517, 0.6,0.7,.800, 0.3,1.4,1.6,2.0, 0.3, 0.0,0.9,1.2, 5.6
Carlos Arroyo, BOS, PG,31,15, 1, 12.7,0.7,2.3, .314, 0.2,0.3,.600, 0.5, 2.0,.267,.357, 0.7,0.8,.917, 0.5,1.1,1.5,1.7, 0.5, 0.0,1.1,0.7, 2.4
Darrell Arthur, MEM, PF,22,80, 9, 20.1,3.9,7.8, .497, 0.0,0.1,.000, 3.9, 7.7,.502,.497, 1.4,1.7,.813, 1.4,2.8,4.3,0.7, 0.7, 0.8,1.1,2.9, 9.1
Ömer Aşık, CHI, C,24,82, 0, 12.1,1.0,1.7, .553, 0.0,0.0,, 1.0, 1.7,.553,.553, 0.9,1.8,.503, 1.4,2.4,3.7,0.4, 0.2, 0.7,0.8,1.9, 2.8
D.J. Augustin, CHA, PG,23,82, 82, 33.6,4.9,11.7, .416, 1.4,4.1,.333, 3.5, 7.6,.461,.474, 3.3,3.6,.906, 0.5,2.3,2.7,6.1, 0.7, 0.0,1.9,1.9, 14.4
Luke Babbitt, POR, SF,21,24, 0, 5.7,0.6,2.3, .273, 0.1,0.7,.188, 0.5, 1.6,.308,.300, 0.1,0.4,.333, 0.3,1.0,1.3,0.3, 0.1, 0.1,0.3,0.6, 1.5
Renaldo Balkman, TOT, SF,26,8, 0, 7.8,0.8,1.6, .462, 0.1,0.3,.500, 0.6, 1.4,.455,.500, 0.4,0.5,.750, 0.3,0.6,0.9,0.3, 0.5, 0.3,0.1,1.9, 2.0
Renaldo Balkman, DEN, SF,26,5, 0, 8.8,1.0,1.8, .556, 0.0,0.0,, 1.0, 1.8,.556,.556, 0.6,0.8,.750, 0.2,0.6,0.8,0.4, 0.6, 0.4,0.0,2.2, 2.6
Renaldo Balkman, NYK, SF,26,3, 0, 6.0,0.3,1.3, .250, 0.3,0.7,.500, 0.0, 0.7,.000,.375, 0.0,0.0,, 0.3,0.7,1.0,0.0, 0.3, 0.0,0.3,1.3, 1.0
Marcus Banks, TOR, PG,29,3, 0, 7.3,0.0,0.7, .000, 0.0,0.0,, 0.0, 0.7,.000,.000, 2.0,2.7,.750, 0.0,0.3,0.3,1.0, 0.3, 0.0,0.7,1.3, 2.0
Leandro Barbosa, TOR, SG,28,58, 0, 24.1,5.1,11.3, .450, 1.2,3.7,.338, 3.8, 7.6,.505,.505, 1.9,2.4,.796, 0.2,1.5,1.7,2.1, 0.9, 0.1,1.4,1.9, 13.3
J.J. Barea, DAL, PG,26,81, 2, 20.6,3.5,8.0, .439, 0.8,2.3,.349, 2.7, 5.7,.476,.490, 1.6,1.9,.847, 0.4,1.6,2.0,3.9, 0.4, 0.0,1.7,1.7, 9.5
Andrea Bargnani, TOR, C,25,66, 66, 35.7,8.0,17.8, .448, 1.2,3.4,.345, 6.8, 14.4,.472,.480, 4.3,5.3,.820, 1.1,4.1,5.2,1.8, 0.5, 0.7,2.3,2.4, 21.4
Matt Barnes, LAL, SF,30,53, 0, 19.2,2.5,5.3, .470, 0.6,2.0,.318, 1.8, 3.2,.564,.530, 1.1,1.5,.779, 1.4,2.9,4.3,1.3, 0.7, 0.4,1.1,2.4, 6.7
Earl Barron, TOT, C,29,21, 7, 14.5,1.5,4.7, .323, 0.0,0.0,, 1.5, 4.7,.323,.323, 0.7,1.1,.625, 1.5,2.1,3.6,0.5, 0.4, 0.3,0.8,2.2, 3.8
Earl Barron, PHO, C,29,12, 6, 15.3,1.0,4.3, .235, 0.0,0.0,, 1.0, 4.3,.235,.235, 1.0,1.7,.600, 1.3,2.0,3.3,0.3, 0.5, 0.3,0.9,2.7, 3.0
Earl Barron, MIL, C,29,7, 0, 12.1,2.4,5.3, .459, 0.0,0.0,, 2.4, 5.3,.459,.459, 0.3,0.3,1.000, 1.7,1.4,3.1,0.6, 0.3, 0.3,0.3,1.4, 5.1
Earl Barron, POR, C,29,2, 1, 18.5,1.5,5.5, .273, 0.0,0.0,, 1.5, 5.5,.273,.273, 0.5,1.0,.500, 2.0,5.0,7.0,1.5, 0.0, 0.0,1.5,2.0, 3.5
Brandon Bass, ORL, PF,25,76, 51, 26.1,4.4,8.5, .515, 0.0,0.0,.000, 4.4, 8.5,.516,.515, 2.5,3.1,.815, 1.8,3.8,5.6,0.8, 0.4, 0.7,1.3,2.1, 11.2
Tony Battie, PHI, C,34,38, 0, 9.9,1.2,2.5, .469, 0.1,0.1,.667, 1.1, 2.4,.462,.479, 0.2,0.4,.571, 0.4,2.2,2.6,0.3, 0.1, 0.4,0.3,1.6, 2.6
Shane Battier, TOT, SF,32,82, 59, 29.0,2.8,6.2, .450, 1.2,3.3,.382, 1.5, 3.0,.525,.550, 0.8,1.1,.688, 1.1,3.5,4.5,2.3, 0.8, 1.0,1.0,1.9, 7.6
Shane Battier, HOU, SF,32,59, 59, 30.8,3.2,6.9, .456, 1.5,3.8,.391, 1.7, 3.1,.536,.564, 0.8,1.3,.645, 1.0,3.8,4.8,2.6, 0.9, 1.2,1.1,2.2, 8.6
Shane Battier, MEM, SF,32,23, 0, 24.2,1.9,4.4, .426, 0.6,1.8,.333, 1.3, 2.6,.492,.495, 0.7,0.7,.882, 1.4,2.6,4.0,1.4, 0.7, 0.4,0.7,1.3, 5.0
Nicolas Batum, POR, SF,22,80, 67, 31.5,4.6,10.1, .455, 1.5,4.3,.345, 3.1, 5.8,.535,.528, 1.7,2.1,.841, 1.4,3.2,4.5,1.5, 0.9, 0.6,1.0,2.4, 12.4
Jerryd Bayless, TOT, PG,22,71, 14, 21.1,3.1,7.3, .422, 0.7,2.1,.336, 2.4, 5.2,.456,.469, 2.3,2.9,.806, 0.4,2.0,2.3,3.7, 0.5, 0.1,1.8,2.1, 9.2
Jerryd Bayless, NOH, PG,22,11, 0, 13.5,1.5,4.5, .347, 0.3,1.3,.214, 1.3, 3.2,.400,.378, 1.2,1.5,.765, 0.2,1.2,1.4,2.5, 0.2, 0.1,1.5,1.5, 4.5
Jerryd Bayless, TOR, PG,22,60, 14, 22.5,3.4,7.8, .429, 0.8,2.2,.348, 2.6, 5.6,.461,.479, 2.6,3.2,.810, 0.4,2.1,2.5,4.0, 0.6, 0.1,1.8,2.2, 10.0
Michael Beasley, MIN, SF,22,73, 73, 32.3,7.7,17.1, .450, 0.8,2.2,.366, 6.9, 14.8,.463,.474, 3.0,4.0,.753, 1.6,4.0,5.6,2.2, 0.7, 0.7,2.7,3.0, 19.2
Rodrigue Beaubois, DAL, PG,22,28, 26, 17.7,3.4,8.0, .422, 0.9,3.0,.301, 2.5, 5.0,.493,.478, 0.8,1.1,.767, 0.3,1.6,1.9,2.3, 0.7, 0.3,1.7,2.7, 8.4
Marco Belinelli, NOH, SG,24,80, 69, 24.5,3.8,8.6, .437, 1.7,4.1,.414, 2.1, 4.6,.458,.534, 1.2,1.6,.784, 0.2,1.7,1.9,1.2, 0.5, 0.1,1.0,1.8, 10.5
Charlie Bell, GSW, SG,31,19, 0, 9.0,0.6,2.3, .279, 0.3,1.1,.286, 0.3, 1.2,.273,.349, 0.1,0.2,.500, 0.3,0.6,0.9,0.7, 0.3, 0.1,0.3,0.7, 1.7
Raja Bell, UTA, SG,34,68, 63, 30.8,2.8,6.9, .409, 1.0,2.8,.352, 1.8, 4.0,.449,.482, 1.3,1.5,.892, 0.5,2.1,2.6,1.7, 0.8, 0.2,0.9,2.5, 8.0
Mike Bibby, TOT, PG,32,80, 68, 28.6,3.1,7.2, .431, 1.9,4.4,.440, 1.2, 2.9,.417,.563, 0.5,0.8,.629, 0.2,2.2,2.4,3.3, 0.6, 0.1,1.3,2.2, 8.6
Mike Bibby, ATL, PG,32,56, 56, 29.9,3.4,7.9, .435, 2.0,4.6,.441, 1.4, 3.3,.427,.563, 0.5,0.8,.630, 0.3,2.3,2.6,3.6, 0.7, 0.1,1.2,2.2, 9.4
Mike Bibby, WAS, PG,32,2, 0, 14.5,0.5,4.5, .111, 0.0,2.0,.000, 0.5, 2.5,.200,.111, 0.0,0.0,, 0.0,1.5,1.5,4.0, 0.5, 0.0,0.5,1.5, 1.0
Mike Bibby, MIA, PG,32,22, 12, 26.5,2.5,5.7, .437, 1.8,4.0,.455, 0.7, 1.7,.395,.595, 0.5,0.7,.625, 0.1,2.1,2.2,2.5, 0.5, 0.1,1.5,2.1, 7.3
Andris Biedriņš, GSW, C,24,59, 55, 23.7,2.4,4.5, .534, 0.0,0.0,, 2.4, 4.5,.534,.534, 0.2,0.5,.323, 2.5,4.8,7.2,1.0, 0.9, 0.9,1.0,3.4, 5.0
Chauncey Billups, TOT, PG,34,72, 72, 32.1,4.7,11.0, .427, 2.0,5.0,.402, 2.7, 6.0,.448,.519, 5.3,5.8,.916, 0.3,2.3,2.6,5.4, 1.0, 0.2,2.5,2.0, 16.8
Chauncey Billups, DEN, PG,34,51, 51, 32.3,4.6,10.5, .438, 2.1,4.7,.441, 2.5, 5.8,.436,.536, 5.2,5.6,.923, 0.2,2.2,2.5,5.3, 1.0, 0.2,2.5,1.8, 16.5
Chauncey Billups, NYK, PG,34,21, 21, 31.6,5.0,12.3, .403, 2.0,6.0,.328, 3.0, 6.3,.474,.483, 5.7,6.3,.902, 0.6,2.5,3.1,5.5, 0.9, 0.1,2.3,2.5, 17.5
DeJuan Blair, SAS, PF,21,81, 65, 21.4,3.6,7.2, .501, 0.0,0.0,.000, 3.6, 7.2,.503,.501, 1.1,1.7,.657, 2.7,4.3,7.0,1.0, 1.2, 0.5,1.4,2.6, 8.3
Steve Blake, LAL, PG,30,79, 0, 20.0,1.4,3.9, .359, 0.9,2.4,.378, 0.5, 1.4,.327,.479, 0.3,0.4,.867, 0.2,1.7,2.0,2.2, 0.5, 0.0,0.9,1.3, 4.0
Andray Blatche, WAS, PF,24,64, 63, 33.9,6.7,15.0, .445, 0.1,0.3,.222, 6.6, 14.7,.449,.447, 3.4,4.4,.777, 2.9,5.4,8.2,2.3, 1.5, 0.8,2.7,2.8, 16.8
Eric Bledsoe, LAC, PG,21,81, 25, 22.7,2.5,6.0, .424, 0.4,1.4,.276, 2.1, 4.6,.470,.457, 1.2,1.6,.744, 0.8,1.9,2.8,3.6, 1.1, 0.3,2.4,1.6, 6.7
Keith Bogans, CHI, SG,30,82, 82, 17.8,1.5,3.7, .404, 1.1,2.9,.380, 0.4, 0.9,.486,.550, 0.3,0.4,.656, 0.2,1.6,1.8,1.2, 0.5, 0.1,0.5,1.4, 4.4
Andrew Bogut, MIL, C,26,65, 65, 35.3,5.6,11.4, .495, 0.0,0.1,.000, 5.6, 11.4,.497,.495, 1.5,3.3,.442, 3.1,8.0,11.1,2.0, 0.7, 2.6,1.9,3.3, 12.8
Matt Bonner, SAS, PF,30,66, 1, 21.7,2.6,5.6, .464, 1.6,3.5,.457, 1.0, 2.1,.475,.605, 0.5,0.7,.744, 0.9,2.7,3.6,0.9, 0.4, 0.3,0.4,1.7, 7.3
Trevor Booker, WAS, PF,23,65, 14, 16.4,2.1,3.9, .549, 0.0,0.0,.000, 2.1, 3.9,.552,.549, 1.0,1.6,.673, 1.5,2.4,3.9,0.5, 0.4, 0.6,0.6,1.8, 5.3
Carlos Boozer, CHI, C,29,59, 59, 31.9,7.3,14.3, .510, 0.0,0.0,, 7.3, 14.3,.510,.510, 2.9,4.1,.701, 2.2,7.4,9.6,2.5, 0.8, 0.3,2.5,3.2, 17.5
Chris Bosh, MIA, PF,26,77, 77, 36.3,6.8,13.7, .496, 0.1,0.3,.240, 6.7, 13.4,.502,.499, 5.0,6.1,.815, 1.8,6.5,8.3,1.9, 0.8, 0.6,1.8,2.2, 18.7
Earl Boykins, MIL, PG,34,57, 0, 15.1,2.7,6.2, .443, 0.5,1.2,.380, 2.3, 4.9,.459,.482, 1.2,1.4,.841, 0.3,0.7,1.0,2.5, 0.7, 0.1,0.9,0.8, 7.2
Craig Brackins, PHI, PF,23,3, 0, 11.0,1.3,5.3, .250, 0.0,1.7,.000, 1.3, 3.7,.364,.250, 0.0,0.0,, 0.7,0.7,1.3,0.3, 0.3, 0.0,0.0,1.0, 2.7
Avery Bradley, BOS, PG,20,31, 0, 5.2,0.7,2.2, .343, 0.0,0.2,.000, 0.7, 2.0,.371,.343, 0.2,0.4,.500, 0.1,0.4,0.5,0.4, 0.3, 0.0,0.5,0.6, 1.7
Elton Brand, PHI, PF,31,81, 81, 34.7,6.2,12.1, .512, 0.0,0.0,.000, 6.2, 12.1,.512,.512, 2.6,3.4,.780, 2.9,5.4,8.3,1.5, 1.1, 1.3,1.2,3.0, 15.0
Corey Brewer, TOT, SF-SG,24,69, 24, 21.9,2.8,7.1, .395, 0.4,1.6,.268, 2.4, 5.4,.434,.426, 2.0,2.8,.708, 0.8,1.7,2.5,1.3, 1.4, 0.2,1.3,2.3, 8.0
Corey Brewer, MIN, SF,24,56, 22, 24.3,3.0,7.8, .384, 0.5,1.8,.263, 2.5, 6.0,.420,.414, 2.2,3.1,.708, 0.8,1.9,2.7,1.4, 1.6, 0.3,1.4,2.4, 8.6
Corey Brewer, DAL, SG,24,13, 2, 11.4,1.9,3.9, .490, 0.3,1.0,.308, 1.6, 2.9,.553,.529, 1.2,1.6,.714, 0.9,0.8,1.8,0.9, 0.8, 0.2,0.8,1.9, 5.3
Ronnie Brewer, CHI, SG,25,81, 1, 22.0,2.5,5.3, .480, 0.1,0.3,.222, 2.5, 4.9,.498,.487, 1.1,1.6,.654, 0.7,2.6,3.2,1.7, 1.3, 0.3,0.7,1.0, 6.2
Jon Brockman, MIL, C,23,63, 6, 10.7,0.8,1.5, .511, 0.0,0.0,, 0.8, 1.5,.511,.511, 0.6,0.9,.678, 1.2,1.7,2.9,0.3, 0.2, 0.0,0.4,1.9, 2.2
Aaron Brooks, TOT, PG,26,59, 12, 21.8,3.7,9.9, .375, 1.2,4.0,.297, 2.5, 5.9,.427,.434, 2.1,2.4,.886, 0.3,1.0,1.3,3.9, 0.6, 0.1,1.7,1.9, 10.7
Aaron Brooks, HOU, PG,26,34, 7, 23.9,3.9,11.4, .346, 1.4,5.0,.284, 2.5, 6.4,.394,.408, 2.3,2.4,.940, 0.3,1.2,1.5,3.8, 0.6, 0.1,1.6,2.0, 11.6
Aaron Brooks, PHO, PG,26,25, 5, 18.9,3.4,8.0, .430, 0.9,2.7,.328, 2.6, 5.3,.481,.485, 1.8,2.3,.807, 0.4,0.7,1.1,4.2, 0.5, 0.0,1.8,1.8, 9.6
Derrick Brown, TOT, SF,23,49, 1, 11.8,1.5,2.7, .565, 0.1,0.2,.500, 1.4, 2.5,.570,.584, 0.7,1.2,.533, 0.8,1.2,2.0,0.7, 0.4, 0.2,0.7,1.2, 3.8
Derrick Brown, CHA, SF,23,41, 1, 11.9,1.5,2.8, .549, 0.0,0.1,.333, 1.5, 2.6,.561,.558, 0.6,1.1,.532, 0.8,1.3,2.0,0.7, 0.4, 0.2,0.7,1.2, 3.7
Derrick Brown, NYK, SF,23,8, 0, 11.0,1.5,2.3, .667, 0.4,0.5,.750, 1.1, 1.8,.643,.750, 0.9,1.6,.538, 1.1,0.8,1.9,0.5, 0.5, 0.3,0.9,1.4, 4.3
Kwame Brown, CHA, C,28,66, 50, 26.0,2.9,5.7, .517, 0.0,0.0,, 2.9, 5.7,.517,.517, 2.1,3.5,.589, 2.2,4.6,6.8,0.7, 0.4, 0.6,1.0,2.6, 7.9
Shannon Brown, LAL, SG,25,82, 0, 19.1,3.3,7.8, .425, 0.9,2.6,.349, 2.4, 5.3,.462,.482, 1.1,1.2,.911, 0.4,1.5,1.9,1.2, 0.8, 0.2,0.9,1.5, 8.7
Kobe Bryant*, LAL, SG,32,82, 82, 33.9,9.0,20.0, .451, 1.4,4.3,.323, 7.6, 15.6,.487,.487, 5.9,7.1,.828, 1.0,4.1,5.1,4.7, 1.2, 0.1,3.0,2.1, 25.3
Chase Budinger, HOU, SF,22,78, 22, 22.3,3.6,8.4, .425, 1.1,3.5,.325, 2.4, 4.9,.497,.493, 1.5,1.8,.855, 0.7,2.9,3.6,1.6, 0.5, 0.2,0.9,1.5, 9.8
Caron Butler, DAL, SF,30,29, 29, 29.9,5.9,13.0, .450, 1.0,2.2,.431, 4.9, 10.8,.454,.487, 2.3,3.0,.773, 0.8,3.3,4.1,1.6, 1.0, 0.3,1.7,2.0, 15.0
Rasual Butler, TOT, SG,31,47, 2, 16.4,1.7,5.0, .333, 1.0,2.9,.338, 0.7, 2.1,.327,.430, 0.4,0.6,.667, 0.2,1.4,1.6,0.6, 0.2, 0.3,0.5,0.8, 4.7
Rasual Butler, LAC, SG,31,41, 2, 18.1,1.8,5.5, .323, 1.0,3.1,.326, 0.8, 2.4,.320,.416, 0.4,0.7,.667, 0.2,1.6,1.9,0.7, 0.2, 0.4,0.5,0.8, 5.0
Rasual Butler, CHI, SG,31,6, 0, 4.3,1.0,1.8, .545, 0.7,1.2,.571, 0.3, 0.7,.500,.727, 0.0,0.0,, 0.0,0.2,0.2,0.0, 0.0, 0.0,0.3,0.5, 2.7
Andrew Bynum, LAL, C,23,54, 47, 27.8,4.4,7.6, .574, 0.0,0.0,, 4.4, 7.6,.574,.574, 2.6,3.9,.660, 3.1,6.3,9.4,1.4, 0.4, 2.0,1.4,2.6, 11.3
Will Bynum, DET, PG,28,61, 5, 18.4,3.0,6.7, .448, 0.3,0.8,.320, 2.7, 5.8,.466,.468, 1.7,2.0,.836, 0.2,1.0,1.2,3.2, 0.9, 0.1,1.4,1.9, 7.9
José Calderón, TOR, PG,29,68, 55, 30.9,3.9,8.8, .440, 0.8,2.3,.365, 3.0, 6.5,.466,.487, 1.3,1.5,.854, 0.4,2.5,3.0,8.9, 1.2, 0.1,2.2,2.1, 9.8
Marcus Camby, POR, C,36,59, 51, 26.1,2.0,5.0, .398, 0.0,0.0,.000, 2.0, 5.0,.399,.398, 0.7,1.2,.614, 3.1,7.2,10.3,2.1, 0.7, 1.6,1.1,2.4, 4.7
Derrick Caracter, LAL, C,22,41, 0, 5.2,0.8,1.6, .485, 0.0,0.0,, 0.8, 1.6,.485,.485, 0.4,0.6,.739, 0.5,0.6,1.0,0.2, 0.1, 0.2,0.5,1.1, 2.0
Brian Cardinal, DAL, SF,33,56, 4, 11.0,0.8,1.8, .430, 0.8,1.6,.483, 0.0, 0.2,.077,.640, 0.3,0.3,.944, 0.2,0.9,1.1,0.7, 0.4, 0.1,0.3,1.5, 2.6
Rodney Carney, TOT, SF,26,27, 1, 12.4,1.7,4.1, .418, 0.6,1.4,.447, 1.1, 2.7,.403,.495, 0.7,1.0,.667, 0.5,1.3,1.8,0.4, 0.4, 0.2,0.6,1.2, 4.7
Rodney Carney, GSW, SF,26,25, 1, 13.2,1.8,4.3, .421, 0.7,1.5,.459, 1.1, 2.8,.400,.500, 0.7,1.1,.667, 0.5,1.4,1.9,0.4, 0.4, 0.2,0.6,1.3, 5.0
Rodney Carney, MEM, SF,26,2, 0, 2.5,0.5,1.5, .333, 0.0,0.5,.000, 0.5, 1.0,.500,.333, 0.0,0.0,, 0.5,0.0,0.5,0.0, 0.5, 0.0,0.0,0.0, 1.0
DeMarre Carroll, TOT, PF,24,12, 0, 4.2,0.3,1.0, .333, 0.0,0.0,, 0.3, 1.0,.333,.333, 0.2,0.2,1.000, 0.2,0.5,0.7,0.3, 0.1, 0.1,0.0,0.4, 0.8
DeMarre Carroll, MEM, PF,24,7, 0, 5.6,0.6,1.3, .444, 0.0,0.0,, 0.6, 1.3,.444,.444, 0.3,0.3,1.000, 0.3,0.9,1.1,0.3, 0.1, 0.1,0.0,0.7, 1.4
DeMarre Carroll, HOU, PF,24,5, 0, 2.2,0.0,0.6, .000, 0.0,0.0,, 0.0, 0.6,.000,.000, 0.0,0.0,, 0.0,0.0,0.0,0.4, 0.0, 0.0,0.0,0.0, 0.0
Matt Carroll, CHA, SG,30,54, 1, 10.8,1.6,3.7, .447, 0.3,0.9,.370, 1.3, 2.8,.471,.490, 0.7,1.0,.769, 0.2,1.0,1.3,0.4, 0.3, 0.1,0.4,0.8, 4.4
Anthony Carter, TOT, PG,35,33, 0, 14.0,1.4,3.2, .425, 0.4,1.2,.300, 1.0, 2.0,.500,.481, 0.2,0.2,1.000, 0.2,1.3,1.5,2.1, 0.8, 0.2,1.2,1.5, 3.3
Anthony Carter, DEN, PG,35,14, 0, 10.9,0.7,2.1, .333, 0.3,0.9,.333, 0.4, 1.3,.333,.400, 0.1,0.1,1.000, 0.0,0.9,0.9,1.9, 0.6, 0.1,1.0,1.4, 1.9
Anthony Carter, NYK, PG,35,19, 0, 16.3,1.8,4.0, .461, 0.4,1.5,.286, 1.4, 2.5,.563,.513, 0.3,0.3,1.000, 0.4,1.7,2.1,2.3, 0.9, 0.3,1.3,1.6, 4.4
Vince Carter, TOT, SG,34,73, 63, 28.1,5.3,12.2, .437, 1.6,4.4,.361, 3.7, 7.8,.479,.502, 1.8,2.4,.740, 0.7,3.0,3.8,2.0, 0.9, 0.3,1.2,2.6, 14.0
Vince Carter, ORL, SG,34,22, 22, 30.2,5.7,12.1, .470, 1.2,3.5,.346, 4.5, 8.5,.521,.521, 2.5,3.4,.747, 0.5,3.6,4.1,2.9, 0.9, 0.1,1.6,3.2, 15.1
Vince Carter, PHO, SG,34,51, 41, 27.2,5.2,12.3, .422, 1.7,4.8,.366, 3.4, 7.5,.458,.494, 1.4,1.9,.735, 0.8,2.8,3.6,1.6, 0.9, 0.3,1.1,2.4, 13.5
Omri Casspi, SAC, SF,22,71, 27, 24.0,3.2,7.7, .412, 1.3,3.5,.372, 1.9, 4.2,.445,.496, 1.0,1.4,.673, 1.0,3.3,4.3,1.0, 0.8, 0.2,1.0,1.6, 8.6
Mario Chalmers, MIA, PG,24,70, 28, 22.6,2.2,5.5, .399, 1.2,3.3,.359, 1.0, 2.2,.459,.506, 0.8,0.9,.871, 0.2,1.9,2.1,2.5, 1.1, 0.1,1.3,2.3, 6.4
Tyson Chandler, DAL, C,28,74, 74, 27.8,3.6,5.5, .654, 0.0,0.0,, 3.6, 5.5,.654,.654, 2.9,4.0,.732, 2.8,6.6,9.4,0.4, 0.5, 1.1,1.2,3.2, 10.1
Wilson Chandler, TOT, SF,23,72, 49, 33.3,6.0,13.2, .450, 1.6,4.4,.350, 4.4, 8.8,.501,.509, 1.8,2.2,.807, 1.0,4.6,5.7,1.7, 0.7, 1.3,1.4,2.8, 15.3
Wilson Chandler, NYK, SF,23,51, 30, 34.5,6.4,14.0, .461, 1.7,4.8,.351, 4.7, 9.2,.518,.521, 1.9,2.3,.807, 1.2,4.7,5.9,1.7, 0.7, 1.4,1.3,3.0, 16.4
Wilson Chandler, DEN, SF,23,21, 19, 30.6,4.8,11.5, .419, 1.2,3.6,.347, 3.6, 7.9,.452,.473, 1.6,2.0,.810, 0.6,4.4,5.0,1.6, 0.7, 1.1,1.8,2.2, 12.5
Josh Childress, PHO, SG,27,54, 3, 16.6,2.2,4.0, .565, 0.0,0.3,.063, 2.2, 3.7,.606,.568, 0.5,1.1,.492, 1.3,1.6,2.9,0.8, 0.6, 0.4,0.8,1.3, 5.0
Earl Clark, TOT, SF,23,42, 0, 11.0,1.6,3.8, .430, 0.0,0.1,.000, 1.6, 3.6,.444,.430, 0.6,1.1,.574, 0.9,1.5,2.4,0.2, 0.2, 0.4,0.7,1.1, 3.9
Earl Clark, PHO, SF,23,9, 0, 8.0,1.3,3.4, .387, 0.0,0.0,, 1.3, 3.4,.387,.387, 0.6,1.1,.500, 0.4,1.4,1.9,0.4, 0.1, 0.3,0.2,0.7, 3.2
Earl Clark, ORL, SF,23,33, 0, 11.9,1.7,3.8, .441, 0.0,0.2,.000, 1.7, 3.7,.459,.441, 0.7,1.1,.595, 1.0,1.5,2.5,0.2, 0.2, 0.5,0.8,1.2, 4.1
Jarron Collins, TOT, C,32,28, 0, 6.5,0.2,0.8, .286, 0.0,0.0,, 0.2, 0.8,.286,.286, 0.3,0.4,.700, 0.5,0.4,0.9,0.1, 0.1, 0.0,0.3,1.0, 0.7
Jarron Collins, LAC, C,32,23, 0, 6.8,0.2,0.7, .333, 0.0,0.0,, 0.2, 0.7,.333,.333, 0.3,0.4,.700, 0.3,0.4,0.7,0.0, 0.2, 0.0,0.2,1.0, 0.7
Jarron Collins, POR, C,32,5, 0, 4.8,0.2,1.2, .167, 0.0,0.0,, 0.2, 1.2,.167,.167, 0.0,0.0,, 1.4,0.0,1.4,0.2, 0.0, 0.0,0.4,1.0, 0.4
Jason Collins, ATL, C,32,49, 28, 12.1,0.7,1.4, .479, 0.0,0.0,1.000, 0.7, 1.4,.471,.486, 0.6,0.8,.659, 0.6,1.5,2.1,0.4, 0.2, 0.2,0.5,2.0, 2.0
Sherron Collins, CHA, PG,23,20, 0, 3.3,0.4,1.3, .280, 0.1,0.5,.200, 0.3, 0.8,.333,.320, 0.1,0.1,1.000, 0.0,0.3,0.3,0.4, 0.1, 0.0,0.2,0.1, 0.9
Darren Collison, IND, PG,23,79, 79, 29.9,5.0,11.0, .457, 0.5,1.6,.331, 4.5, 9.4,.479,.481, 2.6,2.9,.871, 0.5,2.3,2.8,5.1, 1.1, 0.2,2.5,1.4, 13.2
Nick Collison, OKC, C,30,71, 2, 21.5,1.9,3.4, .566, 0.0,0.0,, 1.9, 3.4,.566,.566, 0.8,1.0,.753, 1.7,2.8,4.5,1.0, 0.6, 0.4,0.8,3.0, 4.6
Mike Conley, MEM, PG,23,81, 81, 35.5,5.2,11.8, .444, 1.0,2.7,.369, 4.2, 9.1,.466,.486, 2.2,3.0,.733, 0.4,2.7,3.0,6.5, 1.8, 0.2,2.2,2.2, 13.7
Brian Cook, LAC, PF,30,40, 0, 11.2,1.8,4.3, .424, 0.9,2.0,.430, 1.0, 2.3,.418,.524, 0.4,0.6,.625, 0.5,1.9,2.4,0.4, 0.3, 0.3,0.6,1.9, 4.8
Daequan Cook, OKC, SG,23,43, 0, 13.9,1.8,4.2, .436, 1.5,3.6,.422, 0.3, 0.6,.519,.616, 0.4,0.5,.800, 0.2,1.5,1.7,0.5, 0.3, 0.0,0.4,1.2, 5.6
Marcus Cousin, UTA, C,24,4, 0, 4.5,0.5,0.8, .667, 0.0,0.0,, 0.5, 0.8,.667,.667, 0.0,0.0,, 0.0,0.8,0.8,0.0, 0.0, 0.3,0.3,0.3, 1.0
DeMarcus Cousins, SAC, C,20,81, 62, 28.5,5.3,12.4, .430, 0.0,0.2,.167, 5.3, 12.2,.435,.432, 3.4,5.0,.687, 2.7,6.0,8.6,2.5, 1.0, 0.8,3.3,4.1, 14.1
Jamal Crawford, ATL, SG,30,76, 0, 30.2,4.8,11.5, .421, 1.6,4.6,.341, 3.3, 6.9,.474,.489, 2.9,3.4,.854, 0.3,1.4,1.7,3.2, 0.8, 0.2,1.9,1.3, 14.2
Jordan Crawford, TOT, SG,22,42, 18, 24.5,4.6,11.9, .384, 0.8,3.0,.258, 3.8, 8.9,.427,.417, 1.7,2.0,.869, 0.7,1.8,2.5,2.8, 0.9, 0.1,2.0,1.5, 11.7
Jordan Crawford, ATL, SG,22,16, 0, 10.0,1.7,4.8, .351, 0.6,1.7,.333, 1.1, 3.1,.360,.409, 0.3,0.4,.667, 0.6,1.2,1.8,0.9, 0.2, 0.0,0.9,0.8, 4.2
Jordan Crawford, WAS, SG,22,26, 18, 33.3,6.3,16.3, .390, 0.9,3.9,.238, 5.4, 12.4,.438,.418, 2.7,3.0,.885, 0.8,2.1,3.0,3.9, 1.4, 0.1,2.6,1.9, 16.3
Dante Cunningham, TOT, PF,23,78, 18, 21.0,2.8,6.1, .462, 0.0,0.2,.077, 2.8, 5.9,.473,.463, 0.6,0.8,.726, 1.2,2.3,3.6,0.6, 0.7, 0.6,0.7,2.3, 6.2
Dante Cunningham, POR, PF,23,56, 9, 19.8,2.3,5.2, .433, 0.0,0.1,.000, 2.3, 5.1,.439,.433, 0.6,0.8,.711, 1.3,2.1,3.4,0.5, 0.7, 0.6,0.6,2.5, 5.1
Dante Cunningham, CHA, PF,23,22, 9, 24.0,4.2,8.2, .508, 0.0,0.4,.111, 4.1, 7.8,.529,.511, 0.6,0.8,.765, 1.0,3.0,4.0,0.6, 0.7, 0.5,0.8,1.7, 9.0
Stephen Curry, GSW, PG,22,74, 74, 33.6,6.8,14.2, .480, 2.0,4.6,.442, 4.8, 9.6,.498,.551, 2.9,3.1,.934, 0.7,3.2,3.9,5.8, 1.5, 0.3,3.1,3.1, 18.6
Samuel Dalembert, SAC, C,29,80, 46, 24.2,3.4,7.1, .473, 0.0,0.0,.000, 3.4, 7.1,.474,.473, 1.4,1.9,.730, 2.7,5.6,8.2,0.8, 0.5, 1.5,1.7,2.8, 8.1
Erick Dampier, MIA, C,35,51, 22, 16.0,1.0,1.7, .584, 0.0,0.0,.000, 1.0, 1.7,.591,.584, 0.5,0.9,.545, 1.0,2.4,3.5,0.4, 0.3, 0.9,0.6,1.6, 2.5
Antonio Daniels, PHI, PG,35,4, 0, 8.8,0.5,1.3, .400, 0.0,0.5,.000, 0.5, 0.8,.667,.400, 0.5,0.5,1.000, 0.0,1.3,1.3,0.5, 0.0, 0.0,0.3,0.0, 1.5
Marquis Daniels, BOS, SF,30,49, 0, 19.1,2.3,4.7, .491, 0.1,0.4,.190, 2.2, 4.3,.521,.500, 0.8,1.2,.684, 0.5,1.8,2.3,1.3, 0.8, 0.4,0.8,1.3, 5.5
Baron Davis, TOT, PG,31,58, 44, 28.4,5.0,11.9, .417, 1.4,4.1,.339, 3.6, 7.8,.458,.475, 1.7,2.3,.771, 0.6,2.1,2.7,6.7, 1.3, 0.5,2.5,2.5, 13.1
Baron Davis, LAC, PG,31,43, 35, 29.5,5.0,12.0, .416, 1.0,3.5,.296, 3.9, 8.4,.466,.459, 1.8,2.4,.760, 0.7,2.1,2.8,7.0, 1.4, 0.5,2.5,2.7, 12.8
Baron Davis, CLE, PG,31,15, 9, 25.3,5.0,11.9, .421, 2.4,5.8,.414, 2.6, 6.1,.429,.522, 1.5,1.8,.815, 0.4,2.0,2.4,6.1, 1.1, 0.4,2.6,1.9, 13.9
Ed Davis, TOR, PF,21,65, 17, 24.6,3.3,5.7, .576, 0.0,0.0,, 3.3, 5.7,.576,.576, 1.1,2.0,.555, 2.6,4.5,7.1,0.6, 0.6, 1.0,0.7,2.8, 7.7
Glen Davis, BOS, C,25,78, 13, 29.5,4.6,10.3, .448, 0.0,0.2,.133, 4.6, 10.1,.454,.449, 2.5,3.4,.736, 1.3,4.2,5.4,1.2, 1.0, 0.4,1.1,3.0, 11.7
Austin Daye, DET, SF,22,72, 16, 20.1,2.7,6.5, .410, 1.0,2.4,.401, 1.7, 4.2,.415,.483, 1.1,1.5,.759, 0.9,2.9,3.8,1.1, 0.5, 0.5,0.8,2.3, 7.5
Carlos Delfino, MIL, SF,28,49, 40, 32.4,4.1,10.5, .390, 2.1,5.8,.370, 1.9, 4.7,.415,.492, 1.2,1.5,.800, 0.5,3.6,4.1,2.3, 1.6, 0.2,1.2,1.5, 11.5
Luol Deng, CHI, SF,25,82, 82, 39.1,6.5,14.1, .460, 1.4,4.1,.345, 5.1, 10.0,.506,.510, 3.1,4.1,.753, 1.4,4.4,5.8,2.8, 1.0, 0.6,1.9,2.0, 17.4
DeMar DeRozan, TOR, SG,21,82, 82, 34.8,6.6,14.1, .467, 0.1,0.6,.096, 6.5, 13.4,.485,.469, 4.0,4.9,.813, 0.9,2.9,3.8,1.8, 1.0, 0.4,1.8,2.6, 17.2
Boris Diaw, CHA, PF,28,82, 82, 33.9,4.6,9.4, .492, 1.0,2.8,.345, 3.7, 6.7,.553,.543, 1.0,1.5,.683, 1.3,3.8,5.0,4.1, 0.9, 0.6,2.0,2.3, 11.3
Ike Diogu, LAC, PF,27,36, 0, 13.1,2.3,4.1, .561, 0.0,0.0,, 2.3, 4.1,.561,.561, 1.1,1.7,.661, 1.1,2.1,3.2,0.1, 0.1, 0.1,0.6,2.0, 5.8
DeSagana Diop, CHA, C,29,16, 0, 11.3,0.5,1.5, .333, 0.0,0.0,, 0.5, 1.5,.333,.333, 0.3,0.7,.364, 0.8,1.8,2.5,0.4, 0.3, 0.9,0.7,1.6, 1.3
Keyon Dooling, MIL, PG,30,80, 22, 22.0,2.6,6.5, .397, 1.0,2.9,.346, 1.6, 3.6,.439,.475, 1.0,1.2,.830, 0.2,1.3,1.5,3.0, 0.7, 0.1,1.1,1.5, 7.1
Joey Dorsey, TOR, C,27,43, 9, 12.1,1.2,2.3, .525, 0.0,0.0,, 1.2, 2.3,.525,.525, 0.7,1.5,.477, 1.8,2.6,4.4,0.6, 0.6, 0.4,0.9,1.8, 3.1
Toney Douglas, NYK, SG,24,81, 9, 24.3,3.9,9.3, .416, 1.8,4.7,.373, 2.1, 4.6,.460,.511, 1.0,1.3,.794, 0.8,2.2,3.0,3.0, 1.1, 0.0,1.1,2.2, 10.6
Chris Douglas-Roberts, MIL, SF,24,44, 12, 20.1,2.7,6.2, .429, 0.3,1.0,.326, 2.3, 5.2,.449,.456, 1.7,2.0,.831, 0.2,1.8,2.0,1.1, 0.7, 0.3,0.8,1.7, 7.3
Zabian Dowdell, PHO, PG,26,24, 0, 12.2,2.1,5.2, .408, 0.1,0.4,.300, 2.0, 4.8,.417,.420, 0.7,0.7,.941, 0.2,0.6,0.8,2.1, 0.8, 0.1,1.2,1.3, 5.0
Goran Dragić, TOT, PG,24,70, 5, 17.6,2.7,6.3, .435, 0.8,2.2,.361, 1.9, 4.1,.476,.499, 1.2,1.9,.624, 0.5,1.5,2.0,2.9, 0.7, 0.1,1.7,1.8, 7.5
Goran Dragić, PHO, PG,24,48, 2, 17.8,2.8,6.6, .421, 0.6,2.1,.277, 2.2, 4.5,.488,.465, 1.2,2.0,.608, 0.5,1.3,1.8,3.1, 0.8, 0.1,2.0,1.9, 7.4
Goran Dragić, HOU, PG,24,22, 3, 17.2,2.7,5.7, .472, 1.3,2.5,.519, 1.4, 3.2,.437,.584, 1.1,1.6,.667, 0.5,2.0,2.5,2.5, 0.6, 0.2,1.0,1.6, 7.7
Jared Dudley, PHO, SF,25,82, 15, 26.1,3.7,7.7, .477, 1.3,3.1,.415, 2.4, 4.6,.519,.560, 2.0,2.7,.743, 1.4,2.5,3.9,1.3, 1.1, 0.2,0.9,1.7, 10.6
Chris Duhon, ORL, PG,28,51, 5, 15.2,1.0,2.5, .380, 0.3,1.0,.250, 0.7, 1.5,.468,.430, 0.3,0.5,.560, 0.2,0.8,1.0,2.3, 0.3, 0.0,1.2,0.6, 2.5
Tim Duncan*, SAS, C,34,76, 76, 28.4,5.5,11.0, .500, 0.0,0.1,.000, 5.5, 11.0,.502,.500, 2.4,3.4,.716, 2.2,6.7,8.9,2.7, 0.7, 1.9,1.6,1.6, 13.4
Mike Dunleavy, IND, SG,30,61, 44, 27.6,3.9,8.5, .462, 1.7,4.2,.402, 2.3, 4.4,.519,.560, 1.6,2.0,.800, 0.5,4.1,4.5,1.7, 0.7, 0.5,1.1,1.8, 11.2
Ronald Dupree, TOR, SF,30,3, 0, 4.3,0.3,1.3, .250, 0.0,0.3,.000, 0.3, 1.0,.333,.250, 0.0,0.0,, 0.0,1.0,1.0,0.3, 0.0, 0.0,0.0,0.7, 0.7
Kevin Durant, OKC, SF,22,78, 78, 38.9,9.1,19.7, .462, 1.9,5.3,.350, 7.3, 14.4,.504,.509, 7.6,8.7,.880, 0.7,6.1,6.8,2.7, 1.1, 1.0,2.8,2.0, 27.7
Devin Ebanks, LAL, SG,21,20, 0, 5.9,1.1,2.6, .412, 0.1,0.3,.400, 1.0, 2.3,.413,.431, 0.9,1.2,.783, 0.8,0.6,1.4,0.1, 0.2, 0.3,0.3,0.4, 3.1
Wayne Ellington, MIN, SG,23,62, 8, 19.0,2.6,6.4, .403, 0.8,2.0,.397, 1.8, 4.5,.406,.463, 0.7,0.9,.792, 0.4,1.3,1.7,1.2, 0.5, 0.0,0.9,1.4, 6.6
Monta Ellis, GSW, SG,25,80, 80, 40.3,9.1,20.1, .451, 1.7,4.7,.361, 7.4, 15.4,.478,.493, 4.3,5.4,.789, 0.6,3.0,3.5,5.6, 2.1, 0.3,3.2,2.5, 24.1
Francisco Elson, UTA, C,34,62, 1, 9.8,0.9,1.8, .478, 0.0,0.0,, 0.9, 1.8,.478,.478, 0.4,0.5,.839, 0.6,1.3,1.9,0.5, 0.3, 0.2,0.5,1.4, 2.2
Melvin Ely, DEN, C,32,30, 2, 12.2,0.9,1.7, .549, 0.0,0.0,, 0.9, 1.7,.549,.549, 0.4,0.7,.619, 0.9,1.6,2.5,0.5, 0.1, 0.4,0.5,1.7, 2.3
Semih Erden, TOT, C,24,41, 8, 14.5,1.5,2.7, .559, 0.0,0.0,, 1.5, 2.7,.559,.559, 1.0,1.5,.650, 0.9,2.0,2.9,0.5, 0.4, 0.6,0.8,2.5, 4.0
Semih Erden, BOS, C,24,37, 7, 14.4,1.6,2.6, .598, 0.0,0.0,, 1.6, 2.6,.598,.598, 0.9,1.5,.630, 0.8,2.1,2.9,0.5, 0.4, 0.6,0.9,2.5, 4.1
Semih Erden, CLE, C,24,4, 1, 16.0,1.0,3.5, .286, 0.0,0.0,, 1.0, 3.5,.286,.286, 1.3,1.5,.833, 1.5,1.3,2.8,0.3, 0.5, 0.8,0.5,3.0, 3.3
Jeremy Evans, UTA, SF,23,49, 3, 9.4,1.6,2.3, .661, 0.0,0.0,.000, 1.6, 2.3,.667,.661, 0.5,0.8,.703, 0.7,1.2,2.0,0.5, 0.3, 0.3,0.4,1.0, 3.6
Maurice Evans, TOT, SF,32,73, 24, 21.2,2.4,5.8, .417, 0.8,2.3,.329, 1.7, 3.5,.475,.482, 0.7,0.8,.897, 0.7,1.4,2.1,0.6, 0.5, 0.2,0.5,1.8, 6.3
Maurice Evans, ATL, SF,32,47, 12, 17.8,1.7,4.3, .393, 0.6,1.9,.315, 1.1, 2.4,.455,.463, 0.5,0.6,.857, 0.5,1.3,1.8,0.6, 0.3, 0.1,0.3,1.6, 4.5
Maurice Evans, WAS, SF,32,26, 12, 27.4,3.8,8.6, .439, 1.0,3.0,.346, 2.7, 5.6,.490,.500, 1.1,1.2,.933, 1.1,1.7,2.8,0.6, 0.7, 0.3,0.7,2.1, 9.7
Reggie Evans, TOR, PF,30,30, 18, 26.6,1.4,3.4, .408, 0.0,0.0,.000, 1.4, 3.4,.412,.408, 1.6,2.9,.545, 4.0,7.5,11.5,1.3, 1.0, 0.2,1.3,3.0, 4.4
Tyreke Evans, SAC, SG,21,57, 53, 37.0,6.7,16.4, .409, 0.8,2.6,.291, 5.9, 13.8,.432,.432, 3.6,4.7,.771, 0.8,4.0,4.8,5.6, 1.5, 0.5,3.2,2.5, 17.8
Patrick Ewing, NOH, SF,26,7, 0, 2.7,0.0,0.7, .000, 0.0,0.3,.000, 0.0, 0.4,.000,.000, 0.4,0.6,.750, 0.1,0.1,0.3,0.3, 0.0, 0.1,0.1,0.1, 0.4
Christian Eyenga, CLE, SF,21,44, 18, 21.5,3.0,7.0, .425, 0.6,2.1,.275, 2.4, 4.9,.488,.466, 0.4,0.6,.643, 0.6,2.2,2.8,0.8, 0.8, 0.6,1.1,1.8, 6.9
Jordan Farmar, NJN, PG,24,73, 18, 24.6,3.5,8.9, .392, 1.5,4.2,.359, 2.0, 4.8,.421,.475, 1.1,1.4,.820, 0.3,2.0,2.4,5.0, 0.8, 0.1,1.9,1.8, 9.6
Derrick Favors, TOT, PF,19,78, 27, 19.7,2.8,5.3, .517, 0.0,0.0,, 2.8, 5.3,.517,.517, 1.3,2.2,.595, 2.2,3.1,5.3,0.5, 0.4, 0.9,1.0,3.2, 6.8
Derrick Favors, NJN, PF,19,56, 23, 19.5,2.5,4.9, .511, 0.0,0.0,, 2.5, 4.9,.511,.511, 1.3,2.1,.612, 2.3,3.1,5.3,0.4, 0.3, 0.7,1.0,3.3, 6.3
Derrick Favors, UTA, PF,19,22, 4, 20.2,3.4,6.4, .529, 0.0,0.0,, 3.4, 6.4,.529,.529, 1.5,2.6,.561, 2.0,3.2,5.2,0.8, 0.5, 1.2,1.0,2.9, 8.2
Raymond Felton, TOT, PG-SG,26,75, 54, 36.5,5.7,13.4, .425, 1.5,4.4,.353, 4.1, 9.0,.460,.483, 2.6,3.2,.805, 0.6,2.9,3.6,8.3, 1.7, 0.1,2.9,2.0, 15.5
Raymond Felton, NYK, PG,26,54, 54, 38.4,6.3,14.8, .423, 1.6,5.0,.328, 4.6, 9.9,.471,.478, 2.9,3.4,.867, 0.7,2.9,3.6,9.0, 1.8, 0.2,3.3,2.1, 17.1
Raymond Felton, DEN, SG,26,21, 0, 31.6,4.2,9.7, .431, 1.3,2.9,.459, 2.9, 6.8,.420,.500, 1.8,2.9,.617, 0.4,3.2,3.6,6.5, 1.3, 0.0,2.1,1.8, 11.5
Rudy Fernández, POR, SG,25,78, 3, 23.3,2.7,7.4, .370, 1.5,4.6,.321, 1.2, 2.7,.453,.471, 1.6,1.9,.863, 0.5,1.7,2.2,2.5, 1.1, 0.2,1.1,1.7, 8.6
Kyrylo Fesenko, UTA, C,24,53, 1, 8.6,0.8,1.9, .440, 0.0,0.0,.000, 0.8, 1.9,.444,.440, 0.3,0.9,.391, 0.6,1.4,2.0,0.3, 0.1, 0.3,0.5,1.7, 2.0
Landry Fields, NYK, SG,22,82, 81, 31.0,3.6,7.3, .497, 1.0,2.7,.393, 2.6, 4.7,.556,.568, 1.4,1.8,.769, 1.3,5.1,6.4,1.9, 1.0, 0.2,1.3,1.4, 9.7
Derek Fisher, LAL, PG,36,82, 82, 28.0,2.5,6.5, .389, 0.8,1.9,.396, 1.7, 4.5,.386,.449, 1.0,1.3,.806, 0.2,1.7,1.9,2.7, 1.2, 0.1,0.9,2.3, 6.8
Jonny Flynn, MIN, PG,21,53, 8, 18.5,2.0,5.6, .365, 0.6,1.9,.310, 1.5, 3.7,.393,.417, 0.6,0.8,.762, 0.2,1.2,1.5,3.4, 0.6, 0.1,2.1,1.1, 5.3
Gary Forbes, DEN, SF,25,63, 11, 12.6,2.0,4.3, .454, 0.3,0.9,.328, 1.7, 3.4,.488,.489, 0.9,1.4,.678, 0.4,1.4,1.8,0.8, 0.4, 0.1,0.7,1.2, 5.2
T.J. Ford, IND, PG,27,41, 3, 18.9,2.2,5.8, .386, 0.1,0.8,.188, 2.1, 5.0,.417,.398, 0.9,1.2,.729, 0.4,1.6,2.0,3.4, 0.9, 0.2,1.5,1.7, 5.4
Jeff Foster, IND, C,34,56, 3, 16.8,1.4,3.0, .479, 0.0,0.1,.000, 1.4, 2.9,.488,.479, 0.5,0.9,.563, 2.9,3.4,6.3,0.8, 0.4, 0.6,0.5,2.3, 3.3
Randy Foye, LAC, SG,27,63, 24, 24.6,3.3,8.4, .388, 1.1,3.4,.327, 2.1, 5.0,.430,.455, 2.1,2.4,.893, 0.2,1.4,1.6,2.7, 0.7, 0.3,1.5,1.9, 9.8
Channing Frye, PHO, PF,27,77, 64, 33.0,4.6,10.8, .432, 2.2,5.7,.390, 2.4, 5.1,.479,.535, 1.2,1.4,.832, 0.8,5.8,6.7,1.2, 0.6, 1.0,0.9,3.5, 12.7
Dan Gadzuric, TOT, C-PF,32,42, 9, 11.0,1.3,3.1, .419, 0.0,0.0,.000, 1.3, 3.0,.422,.419, 0.2,0.6,.370, 1.7,1.5,3.2,0.3, 0.3, 0.7,0.7,2.2, 2.8
Dan Gadzuric, GSW, C,32,28, 4, 10.6,1.3,3.1, .420, 0.0,0.0,.000, 1.3, 3.1,.425,.420, 0.2,0.5,.357, 1.9,1.2,3.1,0.4, 0.4, 0.6,0.8,2.3, 2.8
Dan Gadzuric, NJN, PF,32,14, 5, 11.9,1.2,2.9, .415, 0.0,0.0,, 1.2, 2.9,.415,.415, 0.4,0.9,.385, 1.3,2.2,3.5,0.2, 0.2, 0.8,0.6,2.0, 2.8
Sundiata Gaines, TOT, PG,24,24, 0, 12.5,1.8,4.4, .400, 0.4,1.6,.237, 1.4, 2.8,.493,.443, 0.8,1.5,.500, 0.5,1.0,1.6,1.8, 0.7, 0.0,1.1,1.0, 4.6
Sundiata Gaines, MIN, PG,24,8, 0, 8.1,0.9,2.8, .318, 0.3,0.8,.333, 0.6, 2.0,.313,.364, 0.6,1.3,.500, 0.1,0.6,0.8,0.8, 0.4, 0.0,0.8,0.5, 2.6
Sundiata Gaines, TOR, PG,24,6, 0, 15.0,2.5,5.8, .429, 0.5,2.5,.200, 2.0, 3.3,.600,.471, 0.3,1.0,.333, 0.3,1.0,1.3,1.8, 0.7, 0.2,1.3,1.7, 5.8
Sundiata Gaines, NJN, PG,24,10, 0, 14.6,2.0,4.8, .417, 0.4,1.7,.235, 1.6, 3.1,.516,.458, 1.1,2.0,.550, 1.0,1.4,2.4,2.5, 0.9, 0.0,1.3,1.1, 5.5
Danilo Gallinari, TOT, PF-SF,22,62, 60, 33.9,4.3,10.3, .414, 1.7,4.7,.352, 2.6, 5.6,.467,.495, 5.4,6.3,.862, 1.0,4.0,4.9,1.7, 0.8, 0.4,1.3,2.3, 15.6
Danilo Gallinari, NYK, PF,22,48, 48, 34.8,4.4,10.6, .415, 1.7,5.0,.347, 2.7, 5.6,.474,.496, 5.4,6.0,.893, 1.0,3.8,4.8,1.7, 0.8, 0.4,1.2,2.4, 15.9
Danilo Gallinari, DEN, SF,22,14, 12, 30.9,3.9,9.4, .412, 1.4,3.9,.370, 2.4, 5.5,.442,.489, 5.6,7.2,.772, 0.8,4.6,5.4,1.6, 0.9, 0.6,1.8,1.9, 14.7
Francisco García, SAC, SF,29,58, 34, 23.9,3.6,8.2, .436, 1.4,3.9,.362, 2.2, 4.3,.502,.521, 1.1,1.3,.855, 0.4,1.9,2.3,1.2, 0.9, 0.8,0.8,2.2, 9.7
Kevin Garnett*, BOS, PF,34,71, 71, 31.3,6.1,11.6, .528, 0.0,0.1,.200, 6.1, 11.5,.530,.529, 2.6,3.1,.862, 1.2,7.7,8.9,2.4, 1.3, 0.8,1.6,2.1, 14.9
Marc Gasol, MEM, C,26,81, 81, 31.9,4.5,8.5, .527, 0.0,0.1,.429, 4.5, 8.4,.528,.529, 2.7,3.6,.748, 1.9,5.1,7.0,2.5, 0.9, 1.7,1.8,3.3, 11.7
Pau Gasol, LAL, C,30,82, 82, 37.0,7.2,13.7, .529, 0.0,0.0,.333, 7.2, 13.6,.530,.530, 4.3,5.2,.823, 3.3,6.9,10.2,3.3, 0.6, 1.6,1.7,2.5, 18.8
Rudy Gay, MEM, SF,24,54, 54, 39.9,7.6,16.1, .471, 1.1,2.7,.396, 6.5, 13.4,.486,.503, 3.6,4.5,.805, 1.5,4.7,6.2,2.8, 1.7, 1.1,2.5,2.4, 19.8
Alonzo Gee, TOT, SG,23,56, 34, 20.0,2.2,4.7, .458, 0.3,0.9,.333, 1.9, 3.8,.488,.491, 1.3,1.6,.783, 1.1,2.1,3.3,0.7, 0.7, 0.3,1.0,1.7, 5.9
Alonzo Gee, SAS, SG,23,5, 0, 3.6,0.2,0.6, .333, 0.0,0.0,, 0.2, 0.6,.333,.333, 0.0,0.0,, 0.4,0.2,0.6,0.0, 0.0, 0.4,0.6,0.6, 0.4
Alonzo Gee, WAS, SG,23,11, 5, 11.5,1.1,2.5, .444, 0.0,0.2,.000, 1.1, 2.3,.480,.444, 0.7,1.1,.667, 1.0,1.0,2.0,0.5, 0.6, 0.0,0.7,0.9, 2.9
Alonzo Gee, CLE, SG,23,40, 29, 24.3,2.7,5.9, .462, 0.4,1.2,.347, 2.3, 4.6,.492,.498, 1.6,2.0,.800, 1.2,2.7,3.9,0.8, 0.8, 0.4,1.1,2.0, 7.4
Paul George, IND, SG,20,61, 19, 20.7,2.9,6.5, .453, 0.7,2.3,.297, 2.3, 4.2,.537,.505, 1.3,1.7,.762, 0.6,3.1,3.7,1.1, 1.0, 0.4,1.1,2.1, 7.8
Daniel Gibson, CLE, SG,24,67, 15, 27.8,3.9,9.9, .400, 1.8,4.4,.403, 2.2, 5.5,.398,.489, 2.0,2.4,.822, 0.4,2.3,2.6,3.0, 0.7, 0.3,1.2,2.3, 11.6
Taj Gibson, CHI, PF,25,80, 19, 21.8,2.9,6.3, .466, 0.0,0.1,.125, 2.9, 6.2,.472,.467, 1.3,1.9,.676, 2.0,3.7,5.7,0.7, 0.5, 1.3,0.9,2.5, 7.1
Manu Ginóbili, SAS, SG,33,80, 79, 30.3,5.5,12.7, .433, 1.9,5.5,.349, 3.6, 7.2,.497,.509, 4.5,5.1,.871, 0.5,3.2,3.7,4.9, 1.5, 0.4,2.2,2.0, 17.4
Ryan Gomes, LAC, SF,28,76, 62, 27.6,2.7,6.6, .410, 0.9,2.8,.341, 1.8, 3.9,.459,.481, 0.8,1.1,.718, 0.8,2.5,3.3,1.6, 0.8, 0.2,0.7,2.1, 7.2
Drew Gooden, MIL, PF,29,35, 18, 24.6,4.5,10.3, .431, 0.1,0.6,.150, 4.4, 9.8,.447,.435, 2.3,2.9,.794, 2.1,4.7,6.8,1.3, 0.6, 0.5,1.3,2.8, 11.3
Ben Gordon, DET, SG,27,82, 27, 26.0,4.1,9.4, .440, 1.3,3.2,.402, 2.8, 6.1,.460,.510, 1.7,2.0,.850, 0.5,1.9,2.4,2.1, 0.6, 0.2,1.7,2.2, 11.2
Eric Gordon, LAC, SG,22,56, 56, 37.7,7.6,16.9, .450, 1.9,5.2,.364, 5.7, 11.8,.488,.506, 5.1,6.2,.825, 0.8,2.1,2.9,4.4, 1.3, 0.3,2.7,2.1, 22.3
Marcin Gortat, TOT, C,26,80, 14, 25.4,4.2,7.5, .561, 0.0,0.1,.250, 4.2, 7.5,.563,.561, 1.8,2.4,.725, 1.9,6.0,7.9,0.9, 0.5, 1.1,1.0,2.4, 10.2
Marcin Gortat, ORL, C,26,25, 2, 15.8,1.8,3.2, .543, 0.0,0.0,, 1.8, 3.2,.543,.543, 0.5,0.7,.667, 1.5,3.2,4.7,0.7, 0.3, 0.8,0.7,2.1, 4.0
Marcin Gortat, PHO, C,26,55, 12, 29.7,5.3,9.5, .563, 0.0,0.1,.250, 5.3, 9.4,.566,.564, 2.3,3.2,.731, 2.0,7.3,9.3,1.0, 0.5, 1.3,1.2,2.5, 13.0
Joey Graham, CLE, SF,28,39, 8, 15.0,2.1,4.6, .458, 0.2,0.8,.300, 1.9, 3.8,.490,.483, 0.7,0.9,.806, 0.2,1.9,2.2,0.5, 0.2, 0.2,0.7,1.9, 5.2
Stephen Graham, NJN, SG,28,59, 28, 16.3,1.4,3.4, .405, 0.1,0.4,.238, 1.3, 3.0,.425,.418, 0.5,0.6,.816, 0.3,1.8,2.1,0.7, 0.2, 0.0,0.6,1.8, 3.4
Danny Granger, IND, SF,27,79, 79, 35.0,6.8,15.9, .425, 2.0,5.2,.386, 4.8, 10.8,.443,.487, 5.0,5.9,.848, 1.1,4.3,5.4,2.6, 1.1, 0.8,2.6,2.7, 20.5
Aaron Gray, NOH, C,26,41, 6, 13.0,1.4,2.4, .566, 0.0,0.0,, 1.4, 2.4,.566,.566, 0.4,0.8,.500, 1.4,2.7,4.2,0.4, 0.3, 0.3,0.8,2.3, 3.1
Danny Green, SAS, SG,23,8, 0, 11.5,2.1,4.4, .486, 0.9,2.4,.368, 1.3, 2.0,.625,.586, 0.0,0.0,, 0.4,1.5,1.9,0.3, 0.3, 0.1,0.6,0.9, 5.1
Jeff Green, TOT, PF-SF,24,75, 51, 32.4,4.9,10.9, .449, 0.9,2.8,.303, 4.1, 8.1,.499,.488, 2.6,3.3,.811, 1.0,3.8,4.8,1.4, 0.7, 0.5,1.3,2.8, 13.3
Jeff Green, OKC, PF,24,49, 49, 37.0,5.5,12.6, .437, 1.1,3.8,.304, 4.4, 8.9,.493,.482, 3.0,3.7,.818, 1.2,4.4,5.6,1.8, 0.8, 0.4,1.6,2.9, 15.2
Jeff Green, BOS, SF,24,26, 2, 23.5,3.8,7.8, .485, 0.3,1.0,.296, 3.5, 6.7,.514,.505, 1.9,2.4,.794, 0.6,2.7,3.3,0.7, 0.5, 0.6,0.9,2.6, 9.8
Willie Green, NOH, SG,29,77, 13, 21.7,3.5,7.9, .443, 0.7,2.0,.348, 2.8, 5.9,.476,.488, 1.0,1.3,.780, 0.3,1.8,2.1,1.0, 0.5, 0.2,0.9,1.9, 8.7
Donté Greene, SAC, SF,22,69, 21, 16.3,2.3,5.6, .404, 0.7,2.2,.292, 1.6, 3.4,.478,.462, 0.6,0.9,.662, 0.7,1.4,2.1,0.7, 0.5, 0.3,0.9,1.3, 5.8
Orien Greene, NJN, SG,28,3, 0, 1.7,0.3,0.7, .500, 0.0,0.0,, 0.3, 0.7,.500,.500, 0.3,0.7,.500, 0.0,0.0,0.0,0.3, 0.3, 0.0,0.0,0.0, 1.0
Blake Griffin, LAC, PF,21,82, 82, 38.0,8.5,16.8, .506, 0.1,0.3,.292, 8.4, 16.5,.510,.508, 5.4,8.5,.642, 3.3,8.8,12.1,3.8, 0.8, 0.5,2.7,3.1, 22.5
Hamed Haddadi, MEM, C,25,31, 0, 5.4,1.0,1.9, .517, 0.0,0.0,.000, 1.0, 1.8,.526,.517, 0.5,0.7,.652, 0.8,1.4,2.2,0.2, 0.1, 0.4,0.4,0.9, 2.4
Richard Hamilton, DET, SG,32,55, 39, 27.2,5.2,12.2, .429, 1.0,2.6,.382, 4.2, 9.6,.442,.470, 2.7,3.1,.849, 0.4,1.9,2.3,3.1, 0.7, 0.1,1.6,1.7, 14.1
Tyler Hansbrough, IND, PF,25,70, 29, 21.9,4.1,8.8, .465, 0.0,0.0,.000, 4.1, 8.7,.466,.465, 2.8,3.6,.779, 2.1,3.2,5.2,0.6, 0.5, 0.2,1.1,2.3, 11.0
Luke Harangody, TOT, PF,23,49, 0, 13.1,1.6,4.2, .383, 0.3,1.3,.242, 1.3, 2.9,.450,.422, 0.4,0.5,.731, 0.8,2.1,2.9,0.6, 0.3, 0.3,0.3,1.6, 3.9
Luke Harangody, BOS, PF,23,28, 0, 8.6,1.0,2.5, .394, 0.1,0.4,.200, 0.9, 2.2,.426,.408, 0.2,0.3,.625, 0.6,1.4,2.0,0.4, 0.1, 0.3,0.2,1.3, 2.3
Luke Harangody, CLE, PF,23,21, 0, 19.0,2.4,6.4, .378, 0.7,2.7,.250, 1.8, 3.8,.468,.430, 0.7,0.9,.778, 1.1,3.1,4.2,1.0, 0.5, 0.5,0.5,2.1, 6.2
James Harden, OKC, SG,21,82, 5, 26.7,3.6,8.3, .436, 1.4,4.0,.349, 2.3, 4.4,.514,.518, 3.5,4.2,.843, 0.5,2.6,3.1,2.1, 1.1, 0.3,1.3,2.5, 12.2
Al Harrington, DEN, PF,30,73, 3, 22.8,3.8,9.2, .416, 1.6,4.5,.357, 2.2, 4.8,.473,.503, 1.2,1.6,.735, 1.0,3.5,4.5,1.4, 0.5, 0.1,1.5,2.8, 10.5
Devin Harris, TOT, PG,27,71, 70, 31.7,4.8,11.5, .422, 0.8,2.5,.322, 4.0, 8.9,.450,.458, 4.7,5.7,.833, 0.2,2.1,2.4,7.1, 1.0, 0.1,2.9,2.3, 15.2
Devin Harris, NJN, PG,27,54, 54, 31.9,4.8,11.3, .425, 0.6,2.0,.300, 4.2, 9.3,.452,.452, 4.8,5.7,.840, 0.2,2.2,2.4,7.6, 1.1, 0.1,2.9,2.4, 15.0
Devin Harris, UTA, PG,27,17, 16, 31.2,4.9,11.8, .413, 1.5,4.1,.357, 3.4, 7.7,.443,.475, 4.5,5.6,.811, 0.4,2.0,2.4,5.4, 0.8, 0.1,2.9,1.9, 15.8
Manny Harris, CLE, SG,21,54, 15, 17.3,2.0,5.4, .374, 0.6,1.7,.370, 1.4, 3.6,.376,.433, 1.3,1.7,.763, 0.7,1.9,2.6,1.6, 0.6, 0.1,1.2,1.2, 5.9
Mike Harris, HOU, PF,27,4, 0, 4.0,0.8,1.5, .500, 0.0,0.0,, 0.8, 1.5,.500,.500, 0.5,1.0,.500, 0.5,0.8,1.3,0.3, 0.0, 0.3,0.3,0.5, 2.0
Udonis Haslem, MIA, PF,30,13, 0, 26.5,3.4,6.6, .512, 0.0,0.0,, 3.4, 6.6,.512,.512, 1.2,1.5,.800, 2.2,5.9,8.2,0.5, 0.5, 0.2,1.1,3.0, 8.0
Spencer Hawes, PHI, C,22,81, 81, 21.2,3.3,7.0, .465, 0.1,0.5,.243, 3.1, 6.6,.480,.473, 0.6,1.1,.534, 1.6,4.1,5.7,1.5, 0.4, 0.9,1.2,2.5, 7.2
Chuck Hayes, HOU, C,27,74, 63, 28.1,3.3,6.3, .527, 0.0,0.0,.000, 3.3, 6.2,.529,.527, 1.3,1.9,.662, 3.0,5.1,8.1,2.7, 1.1, 0.7,1.2,2.7, 7.9
Gordon Hayward, UTA, SF,20,72, 17, 16.9,2.0,4.1, .485, 0.5,1.0,.473, 1.5, 3.0,.489,.544, 1.0,1.3,.711, 0.6,1.4,1.9,1.1, 0.4, 0.3,1.0,1.5, 5.4
Lazar Hayward, MIN, SF,24,42, 0, 10.0,1.3,3.7, .357, 0.4,1.4,.283, 0.9, 2.2,.404,.412, 0.8,1.0,.786, 0.5,1.1,1.7,0.7, 0.3, 0.2,0.5,1.0, 3.8
Brendan Haywood, DAL, C,31,72, 8, 18.5,1.8,3.1, .574, 0.0,0.0,.000, 1.8, 3.1,.577,.574, 0.9,2.5,.362, 1.8,3.4,5.2,0.3, 0.2, 1.0,0.7,2.0, 4.4
Luther Head, SAC, PG,28,36, 14, 16.3,1.9,4.6, .415, 0.7,1.8,.391, 1.2, 2.8,.430,.491, 1.1,1.4,.780, 0.4,1.2,1.7,1.9, 0.3, 0.3,0.9,1.2, 5.6
Gerald Henderson, CHA, SG,23,68, 30, 24.4,3.8,8.4, .454, 0.1,0.5,.194, 3.7, 7.9,.472,.461, 1.9,2.4,.785, 0.7,2.3,3.0,1.5, 0.7, 0.5,0.9,1.7, 9.6
Xavier Henry, MEM, SG,19,38, 16, 13.9,1.7,4.2, .406, 0.1,0.4,.118, 1.7, 3.8,.441,.413, 0.9,1.4,.635, 0.2,0.7,1.0,0.5, 0.3, 0.1,0.3,1.3, 4.3
Roy Hibbert, IND, C,24,81, 80, 27.7,5.1,11.0, .461, 0.0,0.0,.000, 5.1, 10.9,.463,.461, 2.5,3.4,.745, 2.2,5.3,7.5,2.0, 0.4, 1.8,2.3,3.2, 12.7
J.J. Hickson, CLE, C,22,80, 66, 28.2,5.4,11.7, .458, 0.0,0.1,.000, 5.4, 11.6,.461,.458, 3.1,4.6,.673, 2.7,6.0,8.7,1.1, 0.6, 0.7,2.2,2.7, 13.8
Nenê, DEN, C,28,75, 75, 30.5,5.4,8.7, .615, 0.0,0.1,.200, 5.3, 8.7,.618,.615, 3.8,5.4,.711, 1.9,5.7,7.6,2.0, 1.1, 1.0,1.8,3.2, 14.5
George Hill, SAS, PG,24,76, 5, 28.3,3.8,8.3, .453, 1.0,2.7,.377, 2.8, 5.6,.490,.514, 3.1,3.6,.863, 0.3,2.3,2.6,2.5, 0.9, 0.3,1.3,2.0, 11.6
Grant Hill*, PHO, SF,38,80, 80, 30.1,5.0,10.3, .484, 0.6,1.4,.395, 4.4, 8.9,.498,.511, 2.7,3.2,.829, 1.0,3.3,4.2,2.5, 0.8, 0.4,1.7,2.3, 13.2
Jordan Hill, HOU, C,23,72, 11, 15.6,2.4,4.9, .491, 0.0,0.0,.000, 2.4, 4.9,.494,.491, 0.8,1.2,.706, 1.8,2.5,4.3,0.4, 0.2, 0.7,0.9,2.2, 5.6
Kirk Hinrich, TOT, SG-PG,30,72, 51, 30.0,3.9,8.7, .446, 1.0,2.6,.399, 2.8, 6.0,.467,.506, 1.5,1.8,.841, 0.3,2.2,2.5,4.0, 1.0, 0.2,1.7,2.6, 10.2
Kirk Hinrich, WAS, SG,30,48, 29, 30.6,4.1,9.1, .452, 0.9,2.3,.384, 3.2, 6.8,.475,.501, 1.9,2.2,.876, 0.3,2.4,2.7,4.4, 1.2, 0.2,1.8,2.5, 11.1
Kirk Hinrich, ATL, PG,30,24, 22, 28.6,3.3,7.7, .432, 1.3,3.2,.421, 2.0, 4.5,.440,.519, 0.6,0.9,.667, 0.3,1.9,2.2,3.3, 0.8, 0.3,1.5,2.8, 8.6
Jrue Holiday, PHI, PG,20,82, 82, 35.4,5.4,12.2, .446, 1.0,2.7,.365, 4.5, 9.5,.470,.487, 2.1,2.5,.823, 0.8,3.2,4.0,6.5, 1.5, 0.4,2.7,2.5, 14.0
Ryan Hollins, CLE, C,26,70, 16, 16.9,1.9,3.1, .598, 0.0,0.0,, 1.9, 3.1,.598,.598, 1.6,2.3,.681, 1.0,1.7,2.7,0.4, 0.3, 0.6,1.0,2.8, 5.3
Al Horford, ATL, C,24,77, 77, 35.1,6.7,12.0, .557, 0.0,0.1,.500, 6.6, 11.9,.557,.558, 1.9,2.4,.798, 2.4,7.0,9.3,3.5, 0.8, 1.0,1.5,2.5, 15.3
Eddie House, MIA, SG,32,56, 1, 17.5,2.3,5.7, .399, 1.2,3.1,.389, 1.1, 2.6,.411,.505, 0.7,0.7,.950, 0.2,1.5,1.6,1.1, 0.6, 0.1,0.5,1.2, 6.5
Dwight Howard, ORL, C,25,78, 78, 37.6,7.9,13.4, .593, 0.0,0.1,.000, 7.9, 13.3,.597,.593, 7.0,11.7,.596, 4.0,10.1,14.1,1.4, 1.4, 2.4,3.6,3.3, 22.9
Josh Howard, WAS, SF,30,18, 10, 22.7,3.2,9.0, .358, 0.4,1.6,.241, 2.8, 7.4,.383,.380, 1.6,2.6,.617, 1.0,3.1,4.1,1.3, 0.7, 0.3,1.1,1.9, 8.4
Juwan Howard, MIA, PF,37,57, 0, 10.4,1.0,2.2, .440, 0.0,0.0,, 1.0, 2.2,.440,.440, 0.5,0.6,.829, 0.6,1.5,2.1,0.4, 0.2, 0.1,0.4,1.1, 2.4
Lester Hudson, WAS, PG,26,11, 0, 6.6,0.5,2.2, .250, 0.4,1.4,.267, 0.2, 0.8,.222,.333, 0.2,0.4,.500, 0.1,0.4,0.5,1.5, 0.4, 0.1,0.6,0.9, 1.6
Kris Humphries, NJN, PF,25,74, 44, 27.9,4.1,7.9, .527, 0.0,0.0,.000, 4.1, 7.9,.527,.527, 1.7,2.6,.665, 3.0,7.4,10.4,1.1, 0.4, 1.1,1.4,2.3, 10.0
Serge Ibaka, OKC, PF,21,82, 44, 27.0,4.1,7.5, .543, 0.0,0.0,.000, 4.1, 7.5,.544,.543, 1.7,2.2,.750, 2.6,5.0,7.6,0.3, 0.4, 2.4,0.9,3.3, 9.9
Andre Iguodala, PHI, SF,27,67, 67, 36.9,5.0,11.3, .445, 0.9,2.7,.337, 4.1, 8.6,.479,.486, 3.1,4.5,.693, 0.9,4.9,5.8,6.3, 1.5, 0.6,2.1,1.6, 14.1
Zydrunas Ilgauskas, MIA, C,35,72, 51, 15.9,2.3,4.4, .508, 0.0,0.0,.000, 2.3, 4.4,.509,.508, 0.5,0.6,.783, 1.5,2.5,4.0,0.4, 0.3, 0.8,0.7,2.6, 5.0
D.J. Mbenga, NOH, C,30,41, 0, 8.0,0.6,1.2, .469, 0.0,0.0,, 0.6, 1.2,.469,.469, 0.3,0.4,.722, 0.9,1.2,2.1,0.1, 0.1, 0.7,0.5,1.3, 1.4
Ersan İlyasova, MIL, PF,23,60, 34, 25.1,3.7,8.5, .436, 0.6,2.0,.298, 3.1, 6.4,.479,.471, 1.6,1.7,.894, 1.8,4.3,6.1,0.9, 0.9, 0.4,1.1,2.7, 9.5
Royal Ivey, OKC, SG,29,25, 0, 6.2,0.6,1.5, .421, 0.3,0.6,.438, 0.4, 0.9,.409,.513, 0.1,0.1,1.000, 0.1,0.6,0.6,0.3, 0.2, 0.0,0.2,0.7, 1.6
Jarrett Jack, TOT, SG-PG,27,83, 15, 20.7,3.1,7.7, .408, 0.4,1.3,.306, 2.7, 6.4,.429,.434, 2.2,2.6,.850, 0.2,1.8,2.1,2.9, 0.7, 0.1,1.3,1.2, 8.9
Jarrett Jack, TOR, PG,27,13, 13, 26.7,3.7,9.4, .393, 0.3,1.8,.167, 3.4, 7.5,.449,.410, 3.1,3.5,.870, 0.5,2.8,3.2,4.5, 1.1, 0.0,2.6,1.9, 10.8
Jarrett Jack, NOH, SG,27,70, 2, 19.6,3.0,7.4, .412, 0.4,1.2,.345, 2.6, 6.2,.425,.440, 2.0,2.4,.845, 0.2,1.7,1.9,2.6, 0.6, 0.1,1.1,1.1, 8.5
Darnell Jackson, SAC, PF,25,59, 2, 8.2,1.3,2.7, .487, 0.1,0.2,.273, 1.3, 2.5,.503,.497, 0.5,0.8,.612, 0.8,0.8,1.6,0.2, 0.2, 0.1,0.4,1.0, 3.2
Stephen Jackson, CHA, SG,32,67, 67, 35.9,6.5,15.8, .411, 1.8,5.4,.337, 4.7, 10.4,.449,.468, 3.7,4.6,.816, 0.8,3.7,4.5,3.6, 1.2, 0.4,3.1,2.4, 18.5
Damion James, NJN, SF,23,25, 9, 16.1,1.8,4.1, .447, 0.0,0.1,.000, 1.8, 4.0,.460,.447, 0.7,1.1,.643, 0.7,2.7,3.4,0.8, 0.6, 0.5,1.0,1.4, 4.4
LeBron James, MIA, SF,26,79, 79, 38.8,9.6,18.8, .510, 1.2,3.5,.330, 8.4, 15.3,.552,.541, 6.4,8.4,.759, 1.0,6.5,7.5,7.0, 1.6, 0.6,3.6,2.1, 26.7
Antawn Jamison, CLE, PF,34,56, 38, 32.9,6.7,15.6, .427, 1.6,4.7,.346, 5.1, 10.9,.462,.479, 3.1,4.2,.731, 1.5,5.2,6.7,1.7, 0.9, 0.5,1.4,2.4, 18.0
Othyus Jeffers, TOT, SG,25,17, 1, 18.9,1.8,3.8, .477, 0.1,0.2,.250, 1.8, 3.6,.492,.485, 1.8,2.7,.652, 1.5,2.5,3.9,1.2, 1.0, 0.0,0.8,1.9, 5.5
Othyus Jeffers, SAS, SG,25,1, 0, 8.0,1.0,3.0, .333, 0.0,0.0,, 1.0, 3.0,.333,.333, 0.0,0.0,, 0.0,2.0,2.0,1.0, 0.0, 0.0,1.0,1.0, 2.0
Othyus Jeffers, WAS, SG,25,16, 1, 19.6,1.9,3.9, .484, 0.1,0.3,.250, 1.8, 3.6,.500,.492, 1.9,2.9,.652, 1.6,2.5,4.1,1.2, 1.1, 0.0,0.8,1.9, 5.7
Al Jefferson, UTA, C,26,82, 82, 35.9,8.0,16.1, .496, 0.0,0.0,, 8.0, 16.1,.496,.496, 2.7,3.5,.761, 2.9,6.8,9.7,1.8, 0.6, 1.9,1.3,2.9, 18.6
Richard Jefferson, SAS, SF,30,81, 81, 30.4,3.8,7.9, .474, 1.7,3.8,.440, 2.1, 4.1,.504,.579, 1.8,2.4,.759, 0.7,3.2,3.8,1.3, 0.5, 0.4,1.1,2.0, 11.0
Jared Jeffries, TOT, PF,29,42, 9, 14.3,0.7,2.0, .349, 0.0,0.2,.222, 0.7, 1.8,.364,.360, 0.3,0.7,.414, 1.5,1.3,2.8,0.9, 0.7, 0.4,0.5,1.8, 1.8
Jared Jeffries, HOU, PF,29,18, 0, 7.7,0.6,2.0, .306, 0.1,0.3,.167, 0.6, 1.7,.333,.319, 0.2,0.6,.400, 1.1,0.8,1.9,0.6, 0.4, 0.2,0.2,1.2, 1.5
Jared Jeffries, NYK, PF,29,24, 9, 19.3,0.8,2.1, .380, 0.0,0.1,.333, 0.8, 2.0,.383,.390, 0.3,0.8,.421, 1.8,1.6,3.4,1.0, 1.0, 0.6,0.7,2.3, 2.0
Brandon Jennings, MIL, PG,21,63, 61, 34.4,5.7,14.7, .390, 1.6,4.8,.323, 4.2, 9.9,.422,.443, 3.2,3.9,.809, 0.7,3.0,3.7,4.8, 1.5, 0.3,2.3,2.1, 16.2
Eugene Jeter, SAC, PG,27,62, 1, 13.8,1.7,4.2, .409, 0.1,0.5,.200, 1.6, 3.7,.437,.421, 0.6,0.7,.902, 0.1,1.0,1.1,2.6, 0.5, 0.0,0.8,0.9, 4.1
Yi Jianlian, WAS, PF,23,63, 11, 17.7,2.3,5.5, .418, 0.0,0.2,.231, 2.3, 5.3,.425,.422, 1.0,1.4,.681, 1.3,2.7,3.9,0.4, 0.4, 0.5,0.8,1.8, 5.6
Amir Johnson, TOR, PF,23,72, 54, 25.7,3.9,6.9, .568, 0.0,0.0,.000, 3.9, 6.9,.569,.568, 1.8,2.2,.788, 2.6,3.8,6.4,1.1, 0.7, 1.2,1.0,3.7, 9.6
Armon Johnson, POR, PG,21,38, 0, 7.3,1.2,2.7, .455, 0.1,0.3,.417, 1.1, 2.3,.461,.480, 0.3,0.6,.591, 0.3,0.7,0.9,1.2, 0.1, 0.0,1.0,0.8, 2.9
Chris Johnson, TOT, C,25,14, 1, 9.9,0.6,1.5, .429, 0.0,0.0,, 0.6, 1.5,.429,.429, 1.1,1.4,.750, 0.9,1.4,2.3,0.2, 0.2, 0.6,0.7,1.5, 2.4
Chris Johnson, POR, C,25,10, 1, 10.6,0.7,1.8, .389, 0.0,0.0,, 0.7, 1.8,.389,.389, 1.3,1.8,.722, 1.1,1.6,2.7,0.2, 0.3, 0.6,0.8,1.8, 2.7
Chris Johnson, BOS, C,25,4, 0, 8.0,0.5,0.8, .667, 0.0,0.0,, 0.5, 0.8,.667,.667, 0.5,0.5,1.000, 0.3,1.0,1.3,0.3, 0.0, 0.8,0.5,0.8, 1.5
James Johnson, TOT, SF,23,38, 25, 21.6,2.8,6.2, .456, 0.2,0.9,.235, 2.6, 5.3,.493,.473, 1.2,1.9,.662, 1.0,2.8,3.7,2.3, 0.9, 1.0,1.7,2.5, 7.1
James Johnson, CHI, SF,23,13, 0, 9.5,1.3,3.2, .415, 0.2,0.7,.222, 1.2, 2.5,.469,.439, 0.5,1.0,.462, 0.5,1.4,1.8,1.1, 0.6, 0.7,1.4,1.9, 3.2
James Johnson, TOR, SF,23,25, 25, 28.0,3.6,7.8, .464, 0.2,1.0,.240, 3.4, 6.8,.497,.480, 1.6,2.3,.707, 1.2,3.5,4.7,3.0, 1.0, 1.1,1.8,2.8, 9.2
Joe Johnson, ATL, SG,29,72, 72, 35.5,7.1,16.1, .443, 1.2,4.2,.297, 5.9, 12.0,.494,.481, 2.7,3.4,.802, 0.8,3.2,4.0,4.7, 0.7, 0.1,2.0,1.8, 18.2
Trey Johnson, TOT, SG,26,8, 0, 11.8,1.5,4.1, .364, 0.1,0.4,.333, 1.4, 3.8,.367,.379, 1.1,1.3,.900, 0.3,0.6,0.9,1.4, 0.1, 0.1,0.6,1.5, 4.3
Trey Johnson, TOR, SG,26,7, 0, 11.6,1.4,4.3, .333, 0.1,0.4,.333, 1.3, 3.9,.333,.350, 1.0,1.1,.875, 0.3,0.7,1.0,1.6, 0.1, 0.1,0.7,1.6, 4.0
Trey Johnson, LAL, SG,26,1, 0, 13.0,2.0,3.0, .667, 0.0,0.0,, 2.0, 3.0,.667,.667, 2.0,2.0,1.000, 0.0,0.0,0.0,0.0, 0.0, 0.0,0.0,1.0, 6.0
Wesley Johnson, MIN, SG,23,79, 63, 26.2,3.4,8.6, .397, 1.3,3.7,.356, 2.1, 5.0,.427,.473, 0.8,1.2,.696, 0.6,2.4,3.0,1.9, 0.7, 0.7,1.2,2.1, 9.0
Dahntay Jones, IND, SG,30,45, 2, 13.1,2.2,4.8, .467, 0.3,0.9,.359, 1.9, 3.9,.491,.500, 1.5,2.0,.767, 0.1,1.4,1.4,0.7, 0.4, 0.2,0.7,1.6, 6.3
Dominique Jones, DAL, SG,22,18, 0, 7.5,0.8,2.5, .311, 0.0,0.2,.000, 0.8, 2.3,.341,.311, 0.8,0.9,.824, 0.3,1.1,1.4,1.1, 0.3, 0.2,0.6,0.4, 2.3
James Jones, MIA, SF,30,81, 8, 19.1,1.8,4.3, .422, 1.5,3.5,.429, 0.3, 0.7,.390,.600, 0.7,0.9,.833, 0.3,1.7,2.0,0.5, 0.4, 0.2,0.3,1.6, 5.9
Solomon Jones, IND, C,26,39, 0, 13.5,1.3,3.1, .405, 0.0,0.0,.000, 1.3, 3.1,.408,.405, 1.1,1.6,.661, 1.2,1.7,2.9,0.8, 0.3, 0.6,0.9,2.4, 3.6
DeAndre Jordan, LAC, C,22,80, 66, 25.6,2.9,4.3, .686, 0.0,0.0,.000, 2.9, 4.3,.688,.686, 1.2,2.7,.452, 2.6,4.6,7.2,0.5, 0.5, 1.8,1.3,3.2, 7.1
Chris Kaman, LAC, C,28,32, 15, 26.2,5.5,11.8, .471, 0.0,0.0,, 5.5, 11.8,.471,.471, 1.3,1.8,.754, 1.6,5.4,7.0,1.4, 0.5, 1.5,1.8,2.3, 12.4
Jason Kapono, PHI, SF,29,24, 2, 4.7,0.3,1.2, .250, 0.0,0.3,.125, 0.3, 0.8,.300,.268, 0.0,0.1,.500, 0.1,0.3,0.5,0.2, 0.1, 0.0,0.1,0.2, 0.7
Jason Kidd*, DAL, PG,37,80, 80, 33.2,2.7,7.5, .361, 1.7,4.9,.340, 1.0, 2.6,.400,.472, 0.8,1.0,.870, 0.4,4.0,4.4,8.2, 1.7, 0.4,2.2,1.5, 7.9
Andrei Kirilenko, UTA, SF,29,64, 62, 31.2,4.0,8.5, .467, 0.6,1.5,.367, 3.4, 6.9,.489,.500, 3.3,4.2,.770, 1.6,3.5,5.1,3.0, 1.3, 1.2,1.8,1.8, 11.7
Linas Kleiza, TOR, SF,26,39, 23, 26.5,4.6,10.4, .438, 1.0,3.4,.298, 3.6, 7.1,.505,.486, 1.1,1.7,.631, 0.9,3.6,4.5,1.0, 0.5, 0.2,1.7,2.5, 11.2
Kyle Korver, CHI, SG,29,82, 0, 20.1,3.0,6.8, .434, 1.5,3.5,.415, 1.5, 3.3,.455,.542, 0.9,1.1,.885, 0.1,1.7,1.8,1.5, 0.4, 0.2,0.7,1.9, 8.3
Kosta Koufos, TOT, C,21,50, 2, 8.7,1.4,3.0, .453, 0.0,0.0,.000, 1.4, 3.0,.459,.453, 0.5,0.9,.558, 1.1,1.5,2.6,0.1, 0.2, 0.5,0.6,1.2, 3.2
Kosta Koufos, MIN, C,21,39, 1, 8.6,1.2,2.8, .435, 0.0,0.1,.000, 1.2, 2.7,.443,.435, 0.3,0.6,.500, 1.1,1.4,2.5,0.2, 0.2, 0.5,0.6,1.3, 2.7
Kosta Koufos, DEN, C,21,11, 1, 8.9,1.9,3.8, .500, 0.0,0.0,, 1.9, 3.8,.500,.500, 1.1,1.7,.632, 1.4,1.6,3.0,0.0, 0.2, 0.5,0.5,0.8, 4.9
Nenad Krstić, TOT, C,27,71, 67, 22.1,3.3,6.4, .511, 0.0,0.0,, 3.3, 6.4,.511,.511, 1.6,2.1,.774, 1.7,3.0,4.7,0.4, 0.4, 0.4,0.8,2.6, 8.1
Nenad Krstić, OKC, C,27,47, 47, 21.7,3.2,6.5, .498, 0.0,0.0,, 3.2, 6.5,.498,.498, 1.1,1.4,.803, 1.6,2.8,4.4,0.4, 0.4, 0.4,0.7,2.3, 7.6
Nenad Krstić, BOS, C,27,24, 20, 23.0,3.3,6.1, .537, 0.0,0.0,, 3.3, 6.1,.537,.537, 2.5,3.3,.750, 2.0,3.4,5.3,0.3, 0.3, 0.3,1.0,3.2, 9.1
Carl Landry, TOT, PF,27,76, 26, 26.4,4.5,9.0, .502, 0.0,0.1,.000, 4.5, 9.0,.505,.502, 2.8,3.8,.740, 2.2,2.4,4.6,0.8, 0.5, 0.4,1.4,2.6, 11.9
Carl Landry, SAC, PF,27,53, 16, 26.5,4.5,9.1, .492, 0.0,0.1,.000, 4.5, 9.1,.495,.492, 2.9,4.1,.721, 2.4,2.4,4.8,0.9, 0.6, 0.4,1.5,2.4, 11.9
Carl Landry, NOH, PF,27,23, 10, 26.2,4.7,8.8, .527, 0.0,0.0,.000, 4.7, 8.8,.530,.527, 2.5,3.2,.795, 1.7,2.4,4.1,0.6, 0.4, 0.5,1.2,3.1, 11.8
Acie Law, TOT, PG,26,51, 0, 14.2,1.6,3.6, .435, 0.1,0.7,.167, 1.5, 2.9,.500,.452, 0.9,1.3,.734, 0.2,1.0,1.2,1.6, 0.6, 0.0,0.8,1.2, 4.2
Acie Law, MEM, PG,26,11, 0, 8.5,0.3,1.7, .158, 0.0,0.5,.000, 0.3, 1.2,.231,.158, 0.5,0.9,.600, 0.3,0.7,1.0,1.3, 0.4, 0.0,0.9,0.9, 1.1
Acie Law, GSW, PG,26,40, 0, 15.8,2.0,4.2, .467, 0.2,0.8,.200, 1.8, 3.4,.526,.485, 1.0,1.4,.759, 0.2,1.1,1.3,1.8, 0.7, 0.0,0.8,1.3, 5.1
Gani Lawal, PHO, PF,22,1, 0, 2.0,0.0,0.0, , 0.0,0.0,, 0.0, 0.0,,, 0.0,0.0,, 0.0,0.0,0.0,0.0, 0.0, 0.0,0.0,1.0, 0.0
Ty Lawson, DEN, PG,23,80, 31, 26.3,4.3,8.6, .503, 0.9,2.1,.404, 3.5, 6.5,.536,.553, 2.2,2.8,.764, 0.8,1.8,2.6,4.7, 1.0, 0.1,1.7,1.7, 11.7
Courtney Lee, HOU, SG,25,81, 1, 21.3,3.1,7.1, .439, 0.9,2.1,.408, 2.2, 5.0,.453,.501, 1.2,1.5,.792, 0.6,2.0,2.6,1.2, 0.7, 0.2,0.8,1.3, 8.3
David Lee, GSW, PF,27,73, 73, 36.1,6.8,13.4, .507, 0.0,0.0,.333, 6.8, 13.4,.508,.508, 2.9,3.7,.787, 3.0,6.8,9.8,3.2, 1.0, 0.4,2.3,2.9, 16.5
Rashard Lewis, TOT, SF-PF,31,57, 52, 32.0,4.4,10.2, .433, 1.5,4.3,.357, 2.9, 5.9,.488,.508, 1.4,1.7,.802, 1.2,3.8,5.1,1.6, 0.9, 0.5,1.5,2.8, 11.7
Rashard Lewis, ORL, PF,31,25, 25, 32.4,4.5,10.8, .419, 1.8,4.8,.367, 2.8, 6.0,.460,.500, 1.4,1.8,.756, 0.9,3.3,4.2,1.2, 0.9, 0.4,1.4,2.5, 12.2
Rashard Lewis, WAS, SF,31,32, 27, 31.7,4.3,9.8, .446, 1.3,3.9,.347, 3.0, 5.9,.511,.514, 1.3,1.6,.843, 1.5,4.3,5.8,2.0, 0.9, 0.6,1.6,3.0, 11.4
Jeremy Lin, GSW, PG,22,29, 0, 9.8,1.0,2.5, .389, 0.0,0.2,.200, 0.9, 2.3,.403,.396, 0.7,0.9,.760, 0.4,0.8,1.2,1.4, 1.1, 0.3,0.6,1.1, 2.6
Shaun Livingston, CHA, PG,25,73, 0, 17.3,2.5,5.4, .466, 0.0,0.1,.250, 2.5, 5.4,.468,.467, 1.5,1.7,.864, 0.4,1.6,2.0,2.2, 0.6, 0.4,1.2,1.5, 6.6
Brook Lopez, NJN, C,22,82, 82, 35.2,7.9,16.0, .492, 0.0,0.0,.000, 7.9, 16.0,.492,.492, 4.7,6.0,.787, 2.4,3.5,6.0,1.6, 0.6, 1.5,2.1,2.9, 20.4
Robin Lopez, PHO, C,22,67, 56, 14.8,2.7,5.3, .501, 0.0,0.0,, 2.7, 5.3,.501,.501, 1.1,1.5,.740, 1.2,2.0,3.2,0.1, 0.3, 0.7,0.7,2.1, 6.4
Kevin Love, MIN, PF,22,73, 73, 35.8,6.6,14.1, .470, 1.2,2.9,.417, 5.4, 11.2,.483,.513, 5.8,6.8,.850, 4.5,10.7,15.2,2.5, 0.6, 0.4,2.1,2.0, 20.2
Kyle Lowry, HOU, PG,24,75, 71, 34.2,4.6,10.8, .426, 1.7,4.6,.376, 2.9, 6.2,.464,.506, 2.6,3.3,.765, 1.2,2.9,4.1,6.7, 1.4, 0.3,2.1,2.8, 13.5
John Lucas III, CHI, PG,28,2, 0, 5.0,0.5,1.5, .333, 0.0,0.5,.000, 0.5, 1.0,.500,.333, 0.0,1.0,.000, 0.0,0.0,0.0,0.5, 0.0, 0.0,0.0,0.0, 1.0
Corey Maggette, MIL, SF,31,67, 18, 20.9,3.8,8.3, .453, 0.4,1.2,.359, 3.4, 7.2,.468,.478, 4.0,4.9,.834, 0.7,2.9,3.6,1.3, 0.3, 0.1,1.9,2.6, 12.0
Jamaal Magloire, MIA, C,32,18, 0, 8.8,0.7,1.2, .591, 0.0,0.0,, 0.7, 1.2,.591,.591, 0.5,1.0,.500, 0.9,2.4,3.4,0.2, 0.2, 0.1,0.3,1.4, 1.9
Ian Mahinmi, DAL, C,24,56, 0, 8.7,1.0,1.8, .561, 0.0,0.0,.000, 1.0, 1.7,.573,.561, 1.1,1.5,.768, 0.8,1.4,2.1,0.1, 0.3, 0.3,0.4,1.9, 3.1
Shawn Marion, DAL, SF,32,80, 27, 28.2,5.4,10.4, .520, 0.1,0.4,.152, 5.4, 10.0,.536,.523, 1.6,2.1,.768, 2.1,4.8,6.9,1.4, 0.9, 0.6,1.6,1.8, 12.5
Sean Marks, POR, C,35,29, 0, 7.2,0.7,1.5, .432, 0.1,0.1,1.000, 0.6, 1.4,.405,.455, 0.2,0.3,.625, 0.6,0.8,1.4,0.1, 0.1, 0.2,0.4,1.5, 1.6
Cartier Martin, WAS, SF,26,52, 1, 10.4,1.4,3.5, .390, 0.8,1.9,.394, 0.6, 1.6,.386,.497, 0.5,0.8,.700, 0.4,1.0,1.4,0.3, 0.3, 0.1,0.3,1.0, 4.0
Kenyon Martin, DEN, PF,33,48, 48, 25.7,3.9,7.5, .511, 0.0,0.2,.222, 3.8, 7.4,.518,.514, 0.9,1.5,.583, 1.4,4.8,6.2,2.3, 0.9, 0.7,1.2,2.8, 8.6
Kevin Martin, HOU, SG,27,80, 80, 32.5,6.9,15.8, .436, 2.2,5.7,.383, 4.7, 10.1,.467,.506, 7.4,8.4,.888, 0.4,2.9,3.2,2.5, 1.0, 0.2,2.3,1.9, 23.5
Roger Mason, NYK, SG,30,26, 0, 12.3,1.0,3.0, .338, 0.6,1.7,.364, 0.4, 1.3,.303,.442, 0.3,0.4,.700, 0.2,1.5,1.7,0.8, 0.2, 0.1,0.2,1.0, 2.9
Wesley Matthews, POR, SG,24,82, 69, 33.6,5.4,11.9, .449, 1.9,4.6,.407, 3.5, 7.3,.476,.528, 3.2,3.8,.844, 0.6,2.6,3.1,2.0, 1.2, 0.1,1.7,2.4, 15.9
Jason Maxiell, DET, PF,27,57, 14, 16.3,1.6,3.3, .492, 0.0,0.0,, 1.6, 3.3,.492,.492, 0.9,1.7,.515, 1.2,1.9,3.0,0.3, 0.4, 0.4,0.8,1.6, 4.2
Eric Maynor, OKC, PG,23,82, 0, 14.6,1.6,4.1, .402, 0.5,1.2,.385, 1.2, 2.9,.409,.458, 0.5,0.7,.729, 0.3,1.2,1.5,2.9, 0.4, 0.1,0.9,1.2, 4.2
O.J. Mayo, MEM, SG,23,71, 17, 26.3,4.3,10.5, .407, 1.4,3.7,.364, 2.9, 6.8,.431,.471, 1.4,1.8,.756, 0.5,1.9,2.4,2.0, 1.0, 0.4,1.4,1.8, 11.3
Luc Mbah a Moute, MIL, PF,24,79, 52, 26.5,2.5,5.4, .463, 0.0,0.1,.000, 2.5, 5.3,.470,.463, 1.7,2.4,.707, 2.1,3.2,5.3,0.9, 0.9, 0.4,1.0,2.3, 6.7
Antonio McDyess, SAS, PF,36,73, 16, 19.0,2.3,4.7, .491, 0.0,0.0,.000, 2.3, 4.7,.493,.491, 0.7,1.1,.675, 1.7,3.7,5.4,1.2, 0.5, 0.5,1.0,2.2, 5.3
JaVale McGee, WAS, C,23,79, 75, 27.8,4.2,7.6, .550, 0.0,0.0,.000, 4.2, 7.6,.552,.550, 1.7,2.9,.583, 2.8,5.2,8.0,0.5, 0.5, 2.4,1.3,2.9, 10.1
Tracy McGrady*, DET, SG,31,72, 39, 23.4,3.2,7.1, .442, 0.4,1.2,.341, 2.7, 5.9,.462,.471, 1.3,1.8,.698, 0.7,2.8,3.5,3.5, 0.9, 0.5,1.4,1.4, 8.0
Dominic McGuire, CHA, SF,25,52, 8, 14.6,1.4,3.5, .396, 0.0,0.0,.000, 1.4, 3.5,.400,.396, 0.6,0.8,.769, 1.2,2.6,3.8,0.8, 0.2, 0.6,0.5,1.8, 3.3
Josh McRoberts, IND, PF,23,72, 51, 22.2,2.9,5.4, .547, 0.3,0.8,.383, 2.6, 4.5,.577,.576, 1.2,1.7,.739, 1.5,3.8,5.3,2.1, 0.7, 0.8,1.3,2.3, 7.4
Jodie Meeks, PHI, SG,23,74, 64, 27.9,3.3,7.7, .425, 1.9,4.7,.397, 1.4, 3.0,.468,.546, 2.1,2.3,.894, 0.3,2.0,2.3,1.1, 0.9, 0.1,0.8,1.3, 10.5
Pops Mensah-Bonsu, NOH, PF,27,7, 0, 5.0,0.1,0.4, .333, 0.0,0.0,, 0.1, 0.4,.333,.333, 0.0,0.0,, 0.4,1.1,1.6,0.3, 0.0, 0.0,0.3,1.6, 0.3
C.J. Miles, UTA, SF,23,78, 19, 25.2,4.7,11.5, .407, 1.4,4.3,.322, 3.3, 7.2,.459,.468, 2.0,2.5,.811, 0.7,2.6,3.3,1.7, 0.9, 0.5,1.2,2.8, 12.8
Darko Miličić, MIN, C,25,69, 69, 24.4,3.9,8.4, .469, 0.0,0.0,, 3.9, 8.4,.469,.469, 0.9,1.7,.557, 1.9,3.3,5.2,1.5, 0.8, 2.0,2.2,3.3, 8.8
Andre Miller, POR, PG,34,81, 81, 32.7,4.8,10.4, .460, 0.0,0.5,.108, 4.7, 10.0,.476,.462, 3.1,3.6,.853, 1.2,2.5,3.7,7.0, 1.4, 0.1,2.4,2.1, 12.7
Brad Miller, HOU, C,34,60, 5, 16.9,2.2,4.9, .446, 0.7,1.8,.374, 1.5, 3.2,.487,.514, 1.3,1.6,.830, 0.7,3.0,3.7,2.4, 0.5, 0.4,0.9,1.6, 6.4
Mike Miller, MIA, SG,30,41, 2, 20.4,2.0,4.9, .401, 1.0,2.9,.364, 0.9, 2.0,.452,.507, 0.6,0.8,.676, 0.9,3.6,4.5,1.2, 0.5, 0.0,1.0,2.1, 5.6
Patty Mills, POR, PG,22,64, 0, 12.2,2.1,5.1, .412, 0.7,2.1,.353, 1.4, 3.0,.451,.483, 0.6,0.7,.766, 0.3,0.5,0.8,1.7, 0.4, 0.0,1.0,1.0, 5.5
Paul Millsap, UTA, PF,25,76, 76, 34.3,6.9,13.0, .531, 0.1,0.3,.391, 6.8, 12.7,.535,.536, 3.4,4.4,.757, 2.2,5.5,7.6,2.5, 1.4, 0.9,1.9,3.6, 17.3
Yao Ming*, HOU, C,30,5, 5, 18.2,3.6,7.4, .486, 0.0,0.0,, 3.6, 7.4,.486,.486, 3.0,3.2,.938, 1.4,4.0,5.4,0.8, 0.0, 1.6,1.4,2.6, 10.2
Nazr Mohammed, TOT, C,33,75, 37, 17.1,3.1,6.0, .522, 0.0,0.0,.000, 3.1, 6.0,.523,.522, 0.9,1.5,.598, 1.9,3.0,4.9,0.3, 0.4, 0.7,0.9,2.5, 7.1
Nazr Mohammed, CHA, C,33,51, 30, 16.7,3.1,6.2, .502, 0.0,0.0,.000, 3.1, 6.2,.503,.502, 1.0,1.7,.591, 1.8,3.1,4.9,0.3, 0.3, 0.9,1.0,2.4, 7.3
Nazr Mohammed, OKC, C,33,24, 7, 17.9,3.1,5.5, .573, 0.0,0.0,, 3.1, 5.5,.573,.573, 0.6,1.0,.625, 1.9,2.9,4.8,0.3, 0.7, 0.4,0.8,2.6, 6.9
Greg Monroe, DET, C,20,80, 48, 27.8,3.8,6.9, .551, 0.0,0.0,.000, 3.8, 6.9,.552,.551, 1.8,2.9,.622, 3.1,4.4,7.5,1.3, 1.2, 0.6,1.0,2.5, 9.4
Jamario Moon, TOT, SF,30,59, 20, 17.7,1.7,4.2, .407, 0.6,2.1,.309, 1.1, 2.1,.504,.484, 0.3,0.3,.882, 0.4,2.4,2.8,0.9, 0.5, 0.6,0.4,1.1, 4.3
Jamario Moon, CLE, SF,30,40, 13, 19.1,1.9,4.7, .402, 0.7,2.4,.284, 1.2, 2.4,.521,.474, 0.3,0.3,.909, 0.4,2.6,3.0,1.1, 0.6, 0.7,0.4,1.0, 4.7
Jamario Moon, LAC, SF,30,19, 7, 14.6,1.3,3.1, .424, 0.6,1.5,.393, 0.7, 1.6,.452,.517, 0.3,0.3,.833, 0.5,2.0,2.5,0.4, 0.2, 0.3,0.3,1.4, 3.5
Anthony Morrow, NJN, SG,25,58, 47, 32.0,4.8,10.7, .450, 1.9,4.5,.423, 2.9, 6.2,.469,.539, 1.7,1.8,.897, 0.6,2.3,3.0,1.2, 0.3, 0.1,0.9,2.3, 13.2
Timofey Mozgov, TOT, C,24,45, 14, 11.6,1.4,3.0, .474, 0.0,0.0,, 1.4, 3.0,.474,.474, 0.8,1.2,.712, 1.0,1.7,2.7,0.3, 0.3, 0.6,0.8,1.9, 3.6
Timofey Mozgov, NYK, C,24,34, 14, 13.5,1.5,3.3, .464, 0.0,0.0,, 1.5, 3.3,.464,.464, 0.9,1.3,.705, 1.2,1.9,3.1,0.4, 0.4, 0.7,0.9,2.2, 4.0
Timofey Mozgov, DEN, C,24,11, 0, 6.0,1.0,1.9, .524, 0.0,0.0,, 1.0, 1.9,.524,.524, 0.5,0.7,.750, 0.5,1.1,1.5,0.0, 0.1, 0.2,0.3,0.7, 2.5
Byron Mullens, OKC, PF,21,13, 0, 6.5,0.7,2.2, .321, 0.0,0.0,, 0.7, 2.2,.321,.321, 0.5,1.1,.500, 0.5,1.4,1.8,0.0, 0.2, 0.2,0.6,0.8, 1.9
Troy Murphy, TOT, PF,30,35, 4, 13.3,1.2,3.3, .368, 0.1,0.9,.152, 1.1, 2.3,.457,.390, 0.6,0.9,.667, 0.6,2.6,3.2,0.7, 0.4, 0.1,0.6,1.3, 3.1
Troy Murphy, NJN, PF,30,18, 4, 16.0,1.4,4.2, .342, 0.2,1.3,.174, 1.2, 2.9,.415,.368, 0.5,0.9,.529, 0.6,3.6,4.2,0.9, 0.4, 0.1,0.7,1.6, 3.6
Troy Murphy, BOS, PF,30,17, 0, 10.5,0.9,2.2, .421, 0.1,0.6,.100, 0.9, 1.6,.536,.434, 0.6,0.8,.846, 0.6,1.6,2.2,0.4, 0.5, 0.1,0.4,1.1, 2.6
Hamady N'Diaye, WAS, C,24,16, 0, 5.0,0.3,0.3, .800, 0.0,0.0,, 0.3, 0.3,.800,.800, 0.4,0.8,.500, 0.1,0.3,0.4,0.0, 0.1, 0.3,0.2,1.1, 0.9
Eduardo Nájera, CHA, PF,34,31, 0, 12.0,0.8,2.3, .361, 0.4,1.1,.324, 0.5, 1.2,.395,.438, 0.2,0.4,.545, 0.5,1.0,1.4,0.6, 0.4, 0.2,0.4,1.7, 2.2
Steve Nash*, PHO, PG,36,75, 75, 33.3,5.3,10.8, .492, 1.1,2.7,.395, 4.2, 8.1,.525,.542, 3.0,3.3,.912, 0.5,2.9,3.5,11.4, 0.6, 0.1,3.5,1.2, 14.7
Gary Neal, SAS, SG,26,80, 1, 21.1,3.6,7.9, .451, 1.6,3.9,.419, 2.0, 4.1,.481,.553, 1.1,1.3,.808, 0.3,2.2,2.5,1.2, 0.3, 0.1,1.0,1.9, 9.8
Jameer Nelson, ORL, PG,28,76, 76, 30.5,4.9,11.0, .446, 1.6,3.9,.401, 3.4, 7.1,.471,.517, 1.7,2.1,.802, 0.5,2.5,3.0,6.0, 1.0, 0.0,2.6,2.8, 13.1
Joakim Noah, CHI, C,25,48, 48, 32.8,4.4,8.4, .525, 0.0,0.0,.000, 4.4, 8.4,.526,.525, 2.9,3.9,.739, 3.8,6.6,10.4,2.2, 1.0, 1.5,1.9,3.3, 11.7
Andrés Nocioni, PHI, SF,31,54, 17, 17.2,2.2,5.1, .426, 0.8,2.2,.356, 1.4, 2.9,.478,.502, 0.9,1.1,.803, 0.4,2.8,3.1,0.8, 0.3, 0.3,0.9,1.9, 6.1
Steve Novak, TOT, SF,27,30, 0, 7.2,1.2,2.2, .522, 0.9,1.5,.565, 0.3, 0.7,.429,.716, 0.3,0.3,1.000, 0.1,0.8,0.9,0.1, 0.0, 0.2,0.1,0.5, 3.5
Steve Novak, DAL, SF,27,7, 0, 2.6,0.6,1.1, .500, 0.4,0.6,.750, 0.1, 0.6,.250,.688, 0.0,0.0,, 0.0,0.7,0.7,0.0, 0.0, 0.0,0.0,0.4, 1.6
Steve Novak, SAS, SF,27,23, 0, 8.6,1.3,2.6, .525, 1.0,1.8,.548, 0.3, 0.7,.471,.720, 0.3,0.3,1.000, 0.2,0.8,1.0,0.1, 0.0, 0.2,0.2,0.5, 4.0
Dirk Nowitzki, DAL, PF,32,73, 73, 34.3,8.4,16.2, .517, 0.9,2.3,.393, 7.5, 13.8,.538,.545, 5.4,6.1,.892, 0.7,6.3,7.0,2.6, 0.5, 0.6,1.9,2.4, 23.0
Jermaine O'Neal, BOS, C,32,24, 10, 18.0,2.1,4.5, .459, 0.0,0.0,.000, 2.1, 4.5,.463,.459, 1.2,1.8,.674, 1.0,2.6,3.7,0.5, 0.1, 1.3,1.1,2.7, 5.4
Shaquille O'Neal*, BOS, C,38,37, 36, 20.3,3.6,5.4, .667, 0.0,0.0,, 3.6, 5.4,.667,.667, 2.0,3.5,.557, 1.3,3.5,4.8,0.7, 0.4, 1.1,1.5,3.2, 9.2
Fabricio Oberto, POR, C,35,5, 0, 9.0,0.6,1.0, .600, 0.0,0.0,, 0.6, 1.0,.600,.600, 0.2,0.4,.500, 0.6,0.8,1.4,0.0, 0.0, 0.0,0.6,2.0, 1.4
Lamar Odom, LAL, PF,31,82, 35, 32.2,5.8,10.9, .530, 0.8,2.2,.382, 4.9, 8.7,.566,.568, 2.0,3.0,.675, 2.1,6.5,8.7,3.0, 0.6, 0.7,1.7,2.4, 14.4
Emeka Okafor, NOH, C,28,72, 72, 31.8,4.2,7.3, .573, 0.0,0.0,.000, 4.2, 7.3,.574,.573, 2.0,3.6,.562, 3.2,6.3,9.5,0.6, 0.6, 1.8,1.7,3.2, 10.3
Mehmet Okur, UTA, C,31,13, 0, 12.9,1.7,4.8, .355, 0.4,1.2,.313, 1.3, 3.5,.370,.395, 1.2,1.5,.750, 0.7,1.6,2.3,1.5, 0.3, 0.3,0.5,1.4, 4.9
Travis Outlaw, NJN, SF,26,82, 55, 28.8,3.3,8.9, .375, 0.9,3.1,.302, 2.4, 5.8,.413,.427, 1.6,2.1,.772, 0.7,3.3,4.0,1.0, 0.4, 0.4,0.9,1.8, 9.2
Larry Owens, TOT, SF,28,12, 0, 11.9,1.3,2.7, .469, 0.5,1.1,.462, 0.8, 1.6,.474,.563, 0.3,0.8,.444, 0.1,1.2,1.3,0.7, 0.8, 0.4,0.4,1.5, 3.3
Larry Owens, SAS, SF,28,7, 0, 4.4,0.4,0.9, .500, 0.1,0.4,.333, 0.3, 0.4,.667,.583, 0.3,0.6,.500, 0.0,0.6,0.6,0.1, 0.3, 0.0,0.0,0.6, 1.3
Larry Owens, WAS, SF,28,5, 0, 22.4,2.4,5.2, .462, 1.0,2.0,.500, 1.4, 3.2,.438,.558, 0.4,1.0,.400, 0.2,2.0,2.2,1.4, 1.4, 1.0,1.0,2.8, 6.2
Zaza Pachulia, ATL, C,26,79, 7, 15.7,1.4,2.9, .461, 0.0,0.0,, 1.4, 2.9,.461,.461, 1.7,2.3,.754, 1.5,2.7,4.2,0.7, 0.4, 0.3,0.9,2.3, 4.4
Anthony Parker, CLE, SF,35,72, 65, 29.0,3.1,7.7, .399, 1.2,3.2,.379, 1.9, 4.5,.412,.476, 1.0,1.3,.779, 0.5,2.6,3.0,3.0, 0.9, 0.1,1.1,1.5, 8.3
Tony Parker, SAS, PG,28,78, 78, 32.4,7.1,13.7, .519, 0.3,0.9,.357, 6.8, 12.8,.531,.531, 3.0,3.9,.769, 0.4,2.7,3.1,6.6, 1.2, 0.0,2.6,1.7, 17.5
Patrick Patterson, HOU, PF,21,52, 6, 16.7,2.9,5.1, .558, 0.0,0.0,.000, 2.9, 5.1,.562,.558, 0.6,0.8,.714, 1.7,2.2,3.8,0.8, 0.3, 0.7,0.6,1.5, 6.3
Chris Paul, NOH, PG,25,80, 80, 36.0,5.4,11.6, .463, 0.9,2.3,.388, 4.5, 9.3,.482,.502, 4.2,4.8,.878, 0.5,3.6,4.1,9.8, 2.4, 0.1,2.2,2.5, 15.9
Sasha Pavlović, TOT, SG-SF,27,31, 7, 11.7,0.9,2.3, .403, 0.4,1.0,.387, 0.5, 1.3,.415,.486, 0.2,0.3,.600, 0.0,1.0,1.0,0.5, 0.3, 0.2,0.4,1.1, 2.5
Sasha Pavlović, DAL, SF,27,10, 6, 16.3,1.5,3.5, .429, 0.7,1.6,.438, 0.8, 1.9,.421,.529, 0.4,0.5,.800, 0.0,1.2,1.2,0.7, 0.5, 0.3,0.5,1.5, 4.1
Sasha Pavlović, NOH, SG,27,4, 1, 12.5,0.5,2.8, .182, 0.0,1.3,.000, 0.5, 1.5,.333,.182, 0.0,0.0,, 0.0,1.5,1.5,1.5, 0.0, 1.0,0.3,1.0, 1.0
Sasha Pavlović, BOS, SG,27,17, 0, 8.8,0.7,1.5, .462, 0.3,0.6,.500, 0.4, 0.9,.438,.558, 0.1,0.3,.400, 0.1,0.8,0.8,0.2, 0.3, 0.0,0.4,0.9, 1.8
Nikola Peković, MIN, C,25,65, 11, 13.6,2.1,4.0, .517, 0.0,0.0,, 2.1, 4.0,.517,.517, 1.3,1.8,.763, 1.4,1.6,3.0,0.4, 0.3, 0.5,1.4,2.8, 5.5
Kendrick Perkins, TOT, C,26,29, 24, 25.6,2.3,4.5, .515, 0.0,0.0,, 2.3, 4.5,.515,.515, 1.4,2.5,.556, 2.1,5.9,8.0,0.9, 0.3, 0.9,1.9,3.1, 6.0
Kendrick Perkins, BOS, C,26,12, 7, 26.1,2.7,4.9, .542, 0.0,0.0,, 2.7, 4.9,.542,.542, 1.9,3.3,.575, 1.9,6.2,8.1,0.8, 0.2, 0.8,2.1,3.1, 7.3
Kendrick Perkins, OKC, C,26,17, 17, 25.2,2.1,4.2, .493, 0.0,0.0,, 2.1, 4.2,.493,.493, 1.0,1.9,.531, 2.3,5.6,7.9,0.9, 0.4, 0.9,1.8,3.2, 5.1
Morris Peterson, OKC, SG,33,4, 0, 5.8,0.5,1.3, .400, 0.0,0.3,.000, 0.5, 1.0,.500,.400, 0.0,0.0,, 0.0,0.8,0.8,0.3, 0.0, 0.0,0.0,1.3, 1.0
Johan Petro, NJN, C,25,77, 1, 11.6,1.7,3.8, .445, 0.0,0.1,.000, 1.7, 3.7,.451,.445, 0.2,0.4,.536, 0.8,1.9,2.8,0.6, 0.4, 0.4,0.6,2.3, 3.5
Paul Pierce, BOS, SF,33,80, 80, 34.7,6.3,12.8, .497, 1.4,3.7,.374, 5.0, 9.1,.547,.551, 4.8,5.6,.860, 0.4,5.0,5.4,3.3, 1.0, 0.6,2.1,2.9, 18.9
Mickaël Piétrus, TOT, SG-SF,28,57, 4, 19.4,2.5,6.4, .392, 1.5,4.1,.360, 1.0, 2.3,.450,.508, 0.7,1.0,.684, 0.3,1.9,2.2,0.6, 0.5, 0.4,0.7,1.8, 7.2
Mickaël Piétrus, ORL, SF,28,19, 0, 22.0,2.4,6.1, .391, 1.8,4.6,.391, 0.6, 1.5,.393,.539, 0.2,0.3,.500, 0.3,2.3,2.6,0.5, 0.5, 0.2,0.7,1.8, 6.7
Mickaël Piétrus, PHO, SG,28,38, 4, 18.1,2.6,6.6, .392, 1.3,3.9,.342, 1.2, 2.7,.465,.494, 0.9,1.3,.706, 0.2,1.8,2.0,0.6, 0.5, 0.5,0.7,1.7, 7.4
Dexter Pittman, MIA, C,22,2, 0, 5.5,0.5,1.5, .333, 0.0,0.0,, 0.5, 1.5,.333,.333, 0.0,0.0,, 0.5,1.0,1.5,0.0, 0.0, 0.0,1.0,1.0, 1.0
Quincy Pondexter, NOH, SF,22,66, 6, 11.1,1.1,2.7, .406, 0.3,0.8,.360, 0.8, 2.0,.423,.456, 0.4,0.5,.706, 0.3,1.0,1.3,0.4, 0.3, 0.2,0.2,1.0, 2.8
James Posey, IND, SF,34,49, 0, 17.1,1.7,4.9, .336, 1.4,4.3,.316, 0.3, 0.6,.483,.475, 0.2,0.3,.733, 0.2,2.8,3.0,0.7, 0.5, 0.1,0.5,2.1, 4.9
Leon Powe, TOT, C-PF,27,30, 3, 10.9,2.0,4.0, .496, 0.0,0.1,.000, 2.0, 3.9,.504,.496, 1.3,2.4,.556, 0.8,1.3,2.1,0.2, 0.3, 0.1,0.4,1.5, 5.3
Leon Powe, CLE, PF,27,14, 3, 13.4,2.1,4.2, .492, 0.0,0.0,, 2.1, 4.2,.492,.492, 0.9,1.9,.462, 1.1,1.6,2.7,0.1, 0.5, 0.2,0.4,1.4, 5.0
Leon Powe, MEM, C,27,16, 0, 8.8,1.9,3.8, .500, 0.0,0.1,.000, 1.9, 3.6,.517,.500, 1.8,2.9,.609, 0.5,1.1,1.6,0.3, 0.2, 0.1,0.4,1.5, 5.5
Josh Powell, ATL, PF,28,54, 0, 12.1,1.7,3.9, .452, 0.0,0.0,.000, 1.7, 3.8,.454,.452, 0.7,0.8,.800, 0.9,1.6,2.5,0.4, 0.1, 0.1,1.0,1.4, 4.1
A.J. Price, IND, PG,24,50, 0, 15.9,2.3,6.4, .356, 0.8,3.0,.275, 1.5, 3.4,.427,.420, 1.1,1.6,.667, 0.3,1.1,1.4,2.2, 0.6, 0.0,1.1,1.2, 6.5
Ronnie Price, UTA, SG,27,59, 0, 12.2,1.3,3.6, .352, 0.3,1.2,.290, 0.9, 2.4,.383,.400, 0.5,0.7,.744, 0.4,0.7,1.0,0.9, 0.7, 0.1,0.9,1.8, 3.3
Tayshaun Prince, DET, SF,30,78, 78, 32.8,6.1,12.8, .473, 0.4,1.3,.347, 5.6, 11.6,.486,.490, 1.5,2.2,.702, 1.0,3.2,4.2,2.8, 0.4, 0.5,1.1,1.2, 14.1
Joel Przybilla, TOT, C,31,36, 9, 14.4,0.7,1.2, .568, 0.0,0.0,, 0.7, 1.2,.568,.568, 0.4,0.8,.519, 1.0,3.0,4.0,0.4, 0.1, 0.4,0.8,2.2, 1.8
Joel Przybilla, POR, C,31,31, 9, 14.4,0.7,1.1, .618, 0.0,0.0,, 0.7, 1.1,.618,.618, 0.4,0.7,.565, 0.9,3.0,3.9,0.4, 0.2, 0.5,0.7,2.0, 1.8
Joel Przybilla, CHA, C,31,5, 0, 14.8,0.8,2.0, .400, 0.0,0.0,, 0.8, 2.0,.400,.400, 0.2,0.8,.250, 1.8,3.0,4.8,0.0, 0.0, 0.2,1.4,3.2, 1.8
Chris Quinn, SAS, PG,27,41, 0, 7.1,0.8,2.2, .363, 0.3,0.9,.297, 0.5, 1.3,.407,.423, 0.1,0.2,.500, 0.1,0.5,0.6,1.0, 0.1, 0.0,0.3,0.7, 2.0
Vladimir Radmanović, GSW, PF,30,74, 6, 15.8,1.9,4.3, .431, 0.9,2.3,.405, 0.9, 2.0,.462,.541, 0.4,0.5,.882, 0.9,2.0,2.9,1.1, 0.6, 0.6,0.8,2.1, 5.1
Anthony Randolph, TOT, C-PF,21,40, 3, 14.8,3.1,6.6, .466, 0.0,0.1,.250, 3.1, 6.5,.469,.468, 1.5,2.2,.674, 1.1,2.9,4.0,0.8, 0.6, 0.6,1.3,1.6, 7.6
Anthony Randolph, NYK, PF,21,17, 0, 7.5,0.8,2.6, .311, 0.1,0.2,.250, 0.8, 2.4,.317,.322, 0.4,0.7,.500, 0.6,1.7,2.4,0.4, 0.2, 0.5,0.6,0.9, 2.1
Anthony Randolph, MIN, C,21,23, 3, 20.1,4.7,9.5, .498, 0.0,0.0,, 4.7, 9.5,.498,.498, 2.3,3.2,.703, 1.4,3.8,5.2,1.1, 0.8, 0.7,1.9,2.0, 11.7
Zach Randolph, MEM, PF,29,75, 74, 36.3,8.0,15.8, .503, 0.1,0.6,.186, 7.9, 15.3,.515,.507, 4.0,5.3,.758, 4.3,7.8,12.2,2.2, 0.8, 0.3,2.0,2.3, 20.1
Theo Ratliff, LAL, C,37,10, 0, 7.1,0.1,0.6, .167, 0.0,0.0,, 0.1, 0.6,.167,.167, 0.0,0.2,.000, 0.6,0.7,1.3,0.3, 0.2, 0.5,0.3,0.7, 0.2
Andy Rautins, NYK, SG,24,5, 0, 4.8,0.6,1.4, .429, 0.2,0.8,.250, 0.4, 0.6,.667,.500, 0.2,0.4,.500, 0.0,0.2,0.2,0.6, 0.2, 0.0,1.4,0.0, 1.6
Michael Redd, MIL, SG,31,10, 0, 13.4,1.8,4.5, .400, 0.4,1.7,.235, 1.4, 2.8,.500,.444, 0.4,0.4,1.000, 0.0,0.8,0.8,1.2, 0.2, 0.1,0.4,0.4, 4.4
J.J. Redick, ORL, SG,26,59, 5, 25.6,3.3,7.6, .441, 1.5,3.7,.397, 1.9, 3.9,.482,.538, 1.9,2.2,.875, 0.1,1.8,1.9,1.7, 0.5, 0.1,0.9,1.4, 10.1
Jason Richardson, TOT, SG,30,80, 80, 33.9,5.9,13.2, .447, 2.4,6.0,.395, 3.5, 7.2,.490,.536, 1.5,2.0,.730, 0.8,3.3,4.1,1.8, 1.2, 0.2,1.2,2.0, 15.6
Jason Richardson, PHO, SG,30,25, 25, 31.8,7.3,15.6, .470, 2.5,5.9,.419, 4.8, 9.6,.502,.550, 2.2,2.9,.764, 1.3,3.1,4.4,1.4, 1.1, 0.1,1.2,1.8, 19.3
Jason Richardson, ORL, SG,30,55, 55, 34.9,5.3,12.1, .433, 2.3,6.0,.384, 2.9, 6.1,.482,.528, 1.1,1.6,.701, 0.6,3.4,4.0,2.0, 1.2, 0.2,1.2,2.1, 13.9
Quentin Richardson, ORL, SF,30,57, 19, 16.8,1.5,4.5, .341, 0.7,2.6,.288, 0.8, 1.9,.413,.424, 0.6,0.8,.750, 0.7,2.4,3.1,0.7, 0.4, 0.1,0.6,1.3, 4.4
Luke Ridnour, MIN, PG,29,71, 66, 30.4,4.5,9.6, .468, 1.1,2.6,.440, 3.4, 7.0,.479,.528, 1.7,1.9,.883, 0.5,2.3,2.8,5.4, 1.3, 0.1,2.2,2.1, 11.8
Nate Robinson, TOT, PG,26,59, 11, 17.2,2.5,6.4, .399, 1.1,3.4,.325, 1.4, 3.0,.483,.485, 0.6,0.7,.818, 0.3,1.3,1.5,1.9, 0.5, 0.1,1.2,1.9, 6.8
Nate Robinson, BOS, PG,26,55, 11, 17.9,2.7,6.6, .404, 1.1,3.5,.328, 1.5, 3.1,.491,.492, 0.6,0.7,.825, 0.3,1.3,1.6,1.9, 0.5, 0.1,1.2,1.9, 7.1
Nate Robinson, OKC, PG,26,4, 0, 7.5,1.0,3.8, .267, 0.5,2.0,.250, 0.5, 1.8,.286,.333, 0.8,1.0,.750, 0.0,0.3,0.3,1.5, 0.0, 0.0,0.5,2.0, 3.3
Rajon Rondo, BOS, PG,24,68, 68, 37.2,4.7,9.9, .475, 0.1,0.6,.233, 4.5, 9.2,.491,.482, 1.1,1.9,.568, 1.3,3.1,4.4,11.2, 2.3, 0.2,3.4,1.8, 10.6
Derrick Rose, CHI, PG,22,81, 81, 37.4,8.8,19.7, .445, 1.6,4.8,.332, 7.2, 15.0,.481,.485, 5.9,6.9,.858, 1.0,3.1,4.1,7.7, 1.0, 0.6,3.4,1.7, 25.0
Quinton Ross, NJN, SF,29,36, 4, 9.8,0.7,1.6, .441, 0.0,0.1,.000, 0.7, 1.6,.464,.441, 0.1,0.4,.357, 0.3,0.6,0.8,0.3, 0.1, 0.2,0.2,1.1, 1.6
Brandon Roy, POR, SG,26,47, 23, 27.9,4.4,11.1, .400, 0.8,2.4,.333, 3.6, 8.7,.418,.436, 2.5,2.9,.848, 0.6,2.0,2.6,2.7, 0.8, 0.3,1.2,1.6, 12.2
Brandon Rush, IND, SG,25,67, 21, 26.2,3.2,7.7, .421, 1.4,3.3,.417, 1.9, 4.4,.425,.512, 1.2,1.6,.755, 0.5,2.7,3.2,0.9, 0.6, 0.5,1.0,1.6, 9.1
John Salmons, MIL, SG,31,73, 70, 35.0,5.1,12.3, .415, 1.1,3.0,.379, 4.0, 9.3,.427,.462, 2.7,3.3,.813, 0.4,3.3,3.6,3.5, 1.0, 0.4,1.9,2.2, 14.0
Samardo Samuels, CLE, PF,22,37, 10, 18.9,3.0,6.5, .456, 0.0,0.1,.000, 3.0, 6.4,.462,.456, 1.8,3.0,.618, 2.0,2.2,4.3,0.5, 0.4, 0.5,1.4,2.4, 7.8
Larry Sanders, MIL, C,22,60, 12, 14.5,1.9,4.5, .433, 0.0,0.0,, 1.9, 4.5,.433,.433, 0.5,0.8,.560, 1.0,2.0,3.0,0.3, 0.4, 1.2,0.6,2.0, 4.3
Brian Scalabrine, CHI, PF,32,18, 0, 4.9,0.6,1.1, .526, 0.0,0.3,.000, 0.6, 0.8,.714,.526, 0.0,0.0,, 0.1,0.4,0.4,0.3, 0.2, 0.2,0.3,1.0, 1.1
Luis Scola, HOU, PF,30,74, 74, 32.6,7.7,15.3, .504, 0.0,0.0,.000, 7.7, 15.2,.505,.504, 2.9,3.9,.738, 2.0,6.2,8.2,2.5, 0.6, 0.6,2.0,3.1, 18.3
Thabo Sefolosha, OKC, SG,26,79, 79, 25.9,2.0,4.2, .471, 0.4,1.3,.275, 1.6, 2.9,.558,.514, 0.7,1.0,.747, 0.8,3.6,4.4,1.4, 1.2, 0.5,0.7,2.2, 5.1
Kevin Séraphin, WAS, PF,21,58, 1, 10.9,1.1,2.5, .449, 0.0,0.0,, 1.1, 2.5,.449,.449, 0.4,0.5,.710, 1.4,1.2,2.6,0.2, 0.3, 0.5,0.7,2.2, 2.7
Ramon Sessions, CLE, PG,24,81, 38, 26.3,4.5,9.6, .466, 0.0,0.2,.200, 4.4, 9.4,.472,.468, 4.3,5.2,.823, 0.6,2.6,3.1,5.2, 0.7, 0.1,2.2,1.1, 13.3
Mustafa Shakur, WAS, PG,26,22, 0, 7.2,1.0,2.7, .356, 0.0,0.5,.100, 0.9, 2.2,.408,.364, 0.4,0.7,.533, 0.3,0.7,1.0,1.1, 0.2, 0.1,0.8,0.7, 2.3
Garret Siler, PHO, C,24,21, 0, 4.8,0.8,1.5, .548, 0.0,0.0,, 0.8, 1.5,.548,.548, 0.5,1.0,.500, 0.8,0.6,1.3,0.1, 0.0, 0.2,0.5,1.0, 2.1
Bobby Simmons, SAS, SF,30,2, 0, 8.0,0.0,1.5, .000, 0.0,1.5,.000, 0.0, 0.0,,.000, 0.0,0.0,, 0.0,0.0,0.0,1.0, 0.0, 0.0,0.0,1.0, 0.0
Brian Skinner, MIL, C,34,2, 0, 3.0,0.0,0.0, , 0.0,0.0,, 0.0, 0.0,,, 0.0,0.0,, 0.0,0.0,0.0,0.0, 0.0, 0.0,0.0,0.0, 0.0
Craig Smith, LAC, PF,27,48, 0, 12.2,2.2,3.9, .553, 0.0,0.1,.000, 2.2, 3.8,.568,.553, 1.0,1.4,.735, 0.9,1.5,2.4,0.6, 0.3, 0.1,0.7,1.8, 5.4
Ish Smith, TOT, PG,22,43, 3, 10.3,1.0,2.7, .374, 0.1,0.2,.300, 0.9, 2.4,.381,.387, 0.3,0.5,.571, 0.2,0.9,1.1,1.8, 0.4, 0.0,0.8,0.9, 2.3
Ish Smith, HOU, PG,22,28, 3, 11.8,1.1,3.0, .386, 0.1,0.3,.375, 1.0, 2.7,.387,.404, 0.3,0.4,.700, 0.2,1.3,1.5,2.3, 0.5, 0.1,0.9,0.9, 2.6
Ish Smith, MEM, PG,22,15, 0, 7.5,0.7,2.1, .344, 0.0,0.1,.000, 0.7, 2.0,.367,.344, 0.3,0.7,.455, 0.1,0.3,0.3,1.0, 0.3, 0.0,0.5,0.7, 1.8
J.R. Smith, DEN, SF,25,79, 6, 24.9,4.3,9.9, .435, 1.6,4.0,.390, 2.7, 5.9,.466,.514, 2.1,2.8,.738, 0.6,3.5,4.1,2.2, 1.2, 0.2,1.3,2.2, 12.3
Jason Smith, NOH, C,24,77, 6, 14.3,1.8,4.0, .443, 0.0,0.0,.000, 1.8, 4.0,.446,.443, 0.8,0.9,.843, 1.2,2.0,3.1,0.5, 0.3, 0.4,0.7,1.9, 4.3
Joe Smith, TOT, PF,35,16, 3, 4.3,0.2,1.0, .188, 0.0,0.0,, 0.2, 1.0,.188,.188, 0.1,0.1,1.000, 0.2,1.1,1.3,0.3, 0.0, 0.3,0.3,0.8, 0.5
Joe Smith, NJN, PF,35,4, 3, 6.3,0.3,1.0, .250, 0.0,0.0,, 0.3, 1.0,.250,.250, 0.0,0.0,, 0.3,0.5,0.8,0.3, 0.0, 0.0,0.5,0.8, 0.5
Joe Smith, LAL, PF,35,12, 0, 3.7,0.2,1.0, .167, 0.0,0.0,, 0.2, 1.0,.167,.167, 0.2,0.2,1.000, 0.2,1.3,1.5,0.3, 0.0, 0.3,0.3,0.8, 0.5
Josh Smith, ATL, PF,25,77, 77, 34.4,6.5,13.5, .477, 0.7,2.0,.331, 5.8, 11.5,.503,.502, 3.0,4.1,.725, 1.7,6.8,8.5,3.3, 1.3, 1.6,2.6,2.8, 16.5
Darius Songaila, PHI, C,32,10, 0, 7.1,0.7,1.5, .467, 0.0,0.0,, 0.7, 1.5,.467,.467, 0.2,0.4,.500, 0.2,0.8,1.0,0.2, 0.0, 0.0,0.4,1.6, 1.6
Marreese Speights, PHI, C,23,64, 1, 11.5,2.3,4.5, .495, 0.0,0.1,.250, 2.2, 4.5,.498,.497, 0.9,1.1,.753, 1.0,2.3,3.3,0.5, 0.1, 0.3,0.6,1.9, 5.4
Tiago Splitter, SAS, C,26,60, 6, 12.3,1.7,3.2, .529, 0.0,0.0,.000, 1.7, 3.2,.532,.529, 1.3,2.3,.543, 1.2,2.2,3.4,0.4, 0.5, 0.3,0.5,1.5, 4.6
Jerry Stackhouse, MIA, SG,36,7, 1, 7.1,0.4,1.7, .250, 0.1,0.6,.250, 0.3, 1.1,.250,.292, 0.7,1.0,.714, 0.1,0.9,1.0,0.4, 0.0, 0.3,0.3,0.4, 1.7
Lance Stephenson, IND, SG,20,12, 0, 9.6,1.1,3.3, .333, 0.0,0.4,.000, 1.1, 2.8,.382,.333, 0.9,1.2,.786, 0.1,1.4,1.5,1.8, 0.3, 0.0,1.3,1.2, 3.1
DeShawn Stevenson, DAL, SG,29,72, 54, 16.1,1.8,4.6, .388, 1.3,3.5,.378, 0.5, 1.1,.420,.530, 0.5,0.6,.767, 0.3,1.2,1.5,1.1, 0.3, 0.1,0.6,1.0, 5.3
Peja Stojaković, TOT, SF,33,33, 13, 18.7,3.0,6.9, .441, 1.7,4.1,.419, 1.3, 2.8,.473,.566, 0.7,0.8,.920, 0.4,1.8,2.3,0.9, 0.4, 0.1,0.5,0.7, 8.5
Peja Stojaković, NOH, SF,33,6, 0, 14.8,2.3,5.5, .424, 1.8,4.2,.440, 0.5, 1.3,.375,.591, 1.0,1.2,.857, 0.0,1.0,1.0,1.0, 0.3, 0.0,0.7,0.3, 7.5
Peja Stojaković, TOR, SF,33,2, 0, 11.0,3.5,5.0, .700, 2.0,3.0,.667, 1.5, 2.0,.750,.900, 1.0,1.0,1.000, 0.0,1.5,1.5,0.5, 0.0, 0.0,1.0,0.0, 10.0
Peja Stojaković, DAL, SF,33,25, 13, 20.2,3.2,7.4, .429, 1.7,4.2,.400, 1.5, 3.2,.468,.543, 0.6,0.6,.938, 0.6,2.1,2.6,0.9, 0.4, 0.1,0.4,0.9, 8.6
Amar'e Stoudemire, NYK, C,28,78, 78, 36.8,9.5,19.0, .502, 0.1,0.3,.435, 9.4, 18.7,.503,.505, 6.1,7.7,.792, 2.5,5.6,8.2,2.6, 0.9, 1.9,3.2,3.5, 25.3
Rodney Stuckey, DET, PG,24,70, 54, 31.2,5.2,11.8, .439, 0.4,1.3,.289, 4.8, 10.5,.457,.455, 4.7,5.4,.866, 1.0,2.1,3.1,5.2, 1.1, 0.1,2.2,2.5, 15.5
DaJuan Summers, DET, SF,23,22, 1, 9.0,1.3,3.1, .406, 0.4,1.0,.429, 0.9, 2.2,.396,.471, 0.4,0.9,.450, 0.1,0.5,0.5,0.1, 0.1, 0.0,0.6,1.0, 3.4
Pape Sy, ATL, SF,22,3, 0, 7.0,0.7,2.0, .333, 0.0,0.3,.000, 0.7, 1.7,.400,.333, 1.0,1.0,1.000, 0.7,0.3,1.0,0.7, 0.3, 0.0,1.0,0.3, 2.3
Jermaine Taylor, TOT, SG,24,34, 8, 14.2,2.8,5.8, .480, 0.4,1.3,.311, 2.4, 4.4,.530,.515, 0.6,0.8,.750, 0.8,1.1,1.8,0.9, 0.4, 0.1,1.4,1.1, 6.6
Jermaine Taylor, HOU, SG,24,8, 0, 9.6,2.0,4.0, .500, 0.3,0.6,.400, 1.8, 3.4,.519,.531, 0.6,0.8,.833, 0.1,1.0,1.1,0.3, 0.3, 0.3,0.8,0.5, 4.9
Jermaine Taylor, SAC, SG,24,26, 8, 15.6,3.0,6.3, .476, 0.5,1.5,.300, 2.5, 4.8,.532,.512, 0.6,0.8,.727, 1.0,1.1,2.0,1.2, 0.5, 0.1,1.5,1.3, 7.1
Jeff Teague, ATL, PG,22,70, 7, 13.8,1.9,4.3, .438, 0.3,0.7,.375, 1.6, 3.7,.449,.467, 1.1,1.4,.794, 0.2,1.3,1.5,2.0, 0.6, 0.4,0.9,1.2, 5.2
Sebastian Telfair, MIN, PG,25,37, 8, 19.2,2.6,6.5, .402, 0.8,2.1,.359, 1.9, 4.4,.423,.461, 1.2,1.6,.733, 0.5,1.0,1.5,3.0, 0.7, 0.1,1.7,1.7, 7.2
Garrett Temple, TOT, PG-SG,24,24, 0, 9.6,0.8,2.8, .294, 0.4,1.5,.270, 0.4, 1.3,.323,.368, 0.3,0.7,.412, 0.0,0.9,1.0,1.3, 0.5, 0.3,1.0,1.0, 2.4
Garrett Temple, SAS, SG,24,3, 0, 7.0,0.3,1.7, .200, 0.0,0.3,.000, 0.3, 1.3,.250,.200, 0.0,0.7,.000, 0.3,0.3,0.7,0.7, 0.3, 0.3,0.3,0.7, 0.7
Garrett Temple, MIL, SG,24,9, 0, 9.2,0.8,2.3, .333, 0.3,1.1,.300, 0.4, 1.2,.364,.405, 0.0,0.4,.000, 0.0,0.7,0.7,0.7, 0.1, 0.1,0.2,0.9, 1.9
Garrett Temple, CHA, PG,24,12, 0, 10.5,1.0,3.5, .286, 0.6,2.2,.269, 0.4, 1.3,.313,.369, 0.6,0.9,.636, 0.0,1.3,1.3,2.0, 0.8, 0.3,1.7,1.2, 3.2
Jason Terry, DAL, SG,33,82, 10, 31.3,6.0,13.3, .451, 1.5,4.3,.362, 4.5, 9.0,.493,.509, 2.2,2.6,.850, 0.3,1.6,1.9,4.1, 1.1, 0.2,2.0,1.7, 15.8
Hasheem Thabeet, TOT, C,23,47, 0, 7.9,0.4,0.9, .425, 0.0,0.0,, 0.4, 0.9,.425,.425, 0.4,0.7,.543, 0.5,1.1,1.6,0.1, 0.2, 0.3,0.4,1.6, 1.1
Hasheem Thabeet, MEM, C,23,45, 0, 8.2,0.4,0.9, .436, 0.0,0.0,, 0.4, 0.9,.436,.436, 0.4,0.8,.543, 0.5,1.1,1.7,0.1, 0.2, 0.3,0.4,1.6, 1.2
Hasheem Thabeet, HOU, C,23,2, 0, 2.0,0.0,0.5, .000, 0.0,0.0,, 0.0, 0.5,.000,.000, 0.0,0.0,, 0.0,0.0,0.0,0.0, 0.0, 0.5,0.0,1.5, 0.0
Etan Thomas, ATL, C,32,13, 0, 6.3,0.8,1.6, .476, 0.0,0.0,, 0.8, 1.6,.476,.476, 0.9,1.2,.800, 0.5,1.3,1.8,0.2, 0.1, 0.3,0.4,0.8, 2.5
Kurt Thomas, CHI, PF,38,52, 37, 22.7,1.8,3.6, .511, 0.0,0.0,1.000, 1.8, 3.6,.508,.513, 0.4,0.6,.625, 1.4,4.3,5.8,1.2, 0.6, 0.8,0.8,3.2, 4.1
Tyrus Thomas, CHA, C,24,41, 2, 21.0,3.8,8.1, .471, 0.0,0.1,.000, 3.8, 8.0,.476,.471, 2.6,3.3,.787, 1.6,3.9,5.5,0.7, 0.7, 1.6,1.6,2.8, 10.2
Jason Thompson, SAC, PF,24,75, 39, 23.3,3.6,7.1, .507, 0.0,0.0,.000, 3.6, 7.1,.510,.507, 1.6,2.7,.605, 1.9,4.1,6.1,1.2, 0.4, 0.6,1.3,2.8, 8.8
Al Thornton, TOT, SF-PF,27,71, 23, 19.5,2.9,6.1, .476, 0.1,0.4,.154, 2.8, 5.7,.496,.480, 1.5,2.0,.775, 0.8,2.2,3.0,0.9, 0.5, 0.2,0.9,2.0, 7.4
Al Thornton, WAS, SF,27,49, 23, 21.8,3.1,6.7, .471, 0.1,0.5,.160, 3.1, 6.2,.497,.477, 1.7,2.2,.757, 0.9,2.2,3.2,1.0, 0.6, 0.2,0.9,2.1, 8.0
Al Thornton, GSW, PF,27,22, 0, 14.3,2.3,4.7, .490, 0.0,0.0,.000, 2.3, 4.7,.495,.490, 1.3,1.6,.829, 0.5,2.1,2.6,0.5, 0.3, 0.1,0.9,1.8, 6.0
Marcus Thornton, TOT, SG,23,73, 23, 24.3,4.8,11.1, .434, 1.2,3.3,.367, 3.6, 7.8,.462,.488, 2.0,2.5,.788, 0.8,2.7,3.5,1.8, 0.9, 0.1,1.3,1.5, 12.8
Marcus Thornton, NOH, SG,23,46, 0, 16.2,3.0,7.3, .410, 0.8,2.0,.376, 2.2, 5.2,.423,.463, 1.1,1.4,.758, 0.5,2.3,2.8,0.9, 0.4, 0.1,0.8,1.1, 7.8
Marcus Thornton, SAC, SG,23,27, 23, 38.1,7.9,17.5, .450, 2.0,5.4,.361, 5.9, 12.1,.491,.506, 3.5,4.4,.805, 1.3,3.4,4.7,3.4, 1.7, 0.2,2.1,2.2, 21.3
Anthony Tolliver, MIN, SF,25,65, 4, 21.0,2.2,4.8, .450, 0.7,1.8,.409, 1.4, 3.0,.475,.526, 1.6,2.0,.802, 1.4,3.1,4.5,1.3, 0.4, 0.4,0.8,2.2, 6.7
Ronny Turiaf, NYK, C,28,64, 21, 17.8,1.6,2.5, .632, 0.0,0.0,, 1.6, 2.5,.632,.632, 1.0,1.5,.622, 1.0,2.2,3.2,1.4, 0.5, 1.1,0.6,2.5, 4.2
Hedo Türkoğlu, TOT, SF-PF,31,81, 72, 31.4,4.0,8.9, .446, 1.6,3.8,.410, 2.4, 5.1,.473,.534, 1.3,1.9,.679, 0.6,3.8,4.4,4.2, 0.9, 0.4,1.6,3.0, 10.8
Hedo Türkoğlu, PHO, PF,31,25, 16, 25.2,3.4,7.7, .440, 1.6,3.9,.423, 1.8, 3.8,.458,.547, 1.0,1.4,.722, 0.8,3.2,4.0,2.3, 0.7, 0.6,1.2,3.1, 9.5
Hedo Türkoğlu, ORL, SF,31,56, 56, 34.1,4.2,9.4, .448, 1.5,3.8,.404, 2.7, 5.6,.478,.529, 1.4,2.1,.667, 0.4,4.1,4.6,5.1, 1.0, 0.4,1.8,3.0, 11.4
Evan Turner, PHI, SG,22,78, 14, 23.0,2.9,6.8, .425, 0.2,0.6,.318, 2.7, 6.2,.435,.439, 1.3,1.6,.808, 0.5,3.4,3.9,2.0, 0.6, 0.2,1.0,1.8, 7.2
Ekpe Udoh, GSW, C,23,58, 18, 17.8,1.7,3.8, .437, 0.0,0.0,, 1.7, 3.8,.437,.437, 0.7,1.1,.656, 1.4,1.7,3.1,0.7, 0.4, 1.5,0.8,2.5, 4.1
Ime Udoka, SAS, SF,33,20, 0, 6.5,0.3,1.1, .238, 0.0,0.4,.000, 0.3, 0.7,.385,.238, 0.2,0.4,.500, 0.3,0.7,1.0,0.7, 0.4, 0.1,0.3,0.7, 0.7
Beno Udrih, SAC, PG,28,79, 64, 34.6,5.2,10.4, .500, 0.8,2.3,.357, 4.4, 8.1,.540,.539, 2.5,2.9,.864, 0.5,2.8,3.4,4.9, 1.2, 0.1,1.8,2.3, 13.7
Ben Uzoh, NJN, PG,22,42, 0, 10.4,1.5,3.4, .424, 0.1,0.2,.375, 1.4, 3.2,.426,.434, 0.8,1.3,.589, 0.7,0.7,1.5,1.6, 0.3, 0.2,0.6,0.7, 3.8
Anderson Varejão, CLE, C,28,31, 31, 32.1,3.7,7.0, .528, 0.0,0.1,.000, 3.7, 6.9,.533,.528, 1.7,2.6,.667, 3.2,6.5,9.7,1.5, 0.9, 1.2,1.3,2.8, 9.1
Greivis Vásquez, MEM, SG,24,70, 1, 12.3,1.4,3.3, .408, 0.4,1.2,.291, 1.0, 2.1,.476,.461, 0.5,0.6,.773, 0.2,0.9,1.0,2.2, 0.3, 0.1,1.0,1.2, 3.6
Charlie Villanueva, DET, PF,26,76, 11, 21.9,4.1,9.3, .442, 1.6,4.3,.387, 2.5, 5.1,.488,.530, 1.2,1.5,.767, 0.7,3.2,3.9,0.6, 0.6, 0.6,0.9,2.3, 11.1
Sasha Vujačić, TOT, SG,26,67, 17, 24.6,3.6,8.9, .402, 1.4,3.9,.370, 2.1, 5.0,.426,.483, 1.2,1.4,.844, 0.4,2.3,2.8,2.0, 0.8, 0.1,1.0,2.0, 9.8
Sasha Vujačić, LAL, SG,26,11, 0, 4.9,0.7,2.1, .348, 0.3,0.6,.429, 0.5, 1.5,.313,.413, 0.1,0.2,.500, 0.1,0.3,0.4,0.5, 0.1, 0.0,0.5,0.6, 1.8
Sasha Vujačić, NJN, SG,26,56, 17, 28.5,4.1,10.2, .404, 1.7,4.6,.369, 2.4, 5.7,.432,.486, 1.4,1.7,.851, 0.5,2.7,3.3,2.3, 0.9, 0.1,1.1,2.3, 11.4
Dwyane Wade, MIA, SG,29,76, 76, 37.1,9.1,18.2, .500, 0.8,2.7,.306, 8.3, 15.5,.534,.523, 6.5,8.6,.758, 1.6,4.8,6.4,4.6, 1.5, 1.1,3.1,2.6, 25.5
Von Wafer, BOS, SG,25,58, 2, 9.5,1.2,2.7, .421, 0.3,1.2,.269, 0.8, 1.6,.533,.478, 0.6,0.7,.842, 0.1,0.7,0.8,0.6, 0.3, 0.1,0.3,0.7, 3.2
Henry Walker, NYK, SG,23,61, 1, 12.9,1.7,3.9, .441, 1.0,2.5,.386, 0.7, 1.4,.542,.566, 0.5,0.7,.705, 0.3,1.7,2.0,0.6, 0.3, 0.1,0.6,1.3, 4.9
John Wall, WAS, PG,20,69, 64, 37.8,5.8,14.1, .409, 0.5,1.7,.296, 5.3, 12.4,.425,.427, 4.4,5.7,.766, 0.5,4.1,4.6,8.3, 1.8, 0.5,3.8,2.5, 16.4
Ben Wallace, DET, C,36,54, 49, 22.9,1.2,2.8, .450, 0.0,0.0,.500, 1.2, 2.7,.449,.453, 0.4,1.1,.333, 2.4,4.1,6.5,1.3, 1.0, 1.0,0.8,1.5, 2.9
Gerald Wallace, TOT, SF-PF,28,71, 63, 37.9,5.4,12.0, .454, 0.9,2.6,.333, 4.6, 9.4,.487,.490, 3.9,5.3,.746, 1.6,6.5,8.0,2.4, 1.5, 0.9,2.1,2.6, 15.7
Gerald Wallace, CHA, SF,28,48, 48, 39.0,5.3,12.1, .433, 0.7,2.2,.330, 4.5, 9.9,.456,.463, 4.4,5.9,.739, 1.5,6.7,8.2,2.4, 1.2, 1.0,2.1,2.5, 15.6
Gerald Wallace, POR, PF,28,23, 15, 35.7,5.8,11.7, .498, 1.2,3.5,.338, 4.7, 8.2,.566,.548, 3.0,3.9,.767, 1.7,5.9,7.6,2.5, 2.0, 0.7,2.3,2.7, 15.8
Luke Walton, LAL, SF,30,54, 0, 9.0,0.7,2.1, .328, 0.1,0.6,.235, 0.6, 1.5,.366,.362, 0.1,0.2,.700, 0.2,1.1,1.2,1.1, 0.2, 0.1,0.6,0.7, 1.7
Willie Warren, LAC, PG,21,19, 0, 7.1,0.7,1.8, .371, 0.3,0.8,.333, 0.4, 1.1,.400,.443, 0.3,0.4,.750, 0.1,0.6,0.6,1.4, 0.3, 0.0,0.4,0.8, 1.9
Hakim Warrick, PHO, PF,28,80, 6, 17.7,2.9,5.6, .511, 0.0,0.1,.091, 2.8, 5.4,.522,.512, 2.7,3.7,.721, 1.1,2.6,3.7,0.9, 0.4, 0.1,1.0,1.3, 8.4
C.J. Watson, CHI, PG,26,82, 1, 13.3,1.8,4.8, .371, 0.5,1.4,.393, 1.2, 3.4,.362,.426, 0.8,1.1,.742, 0.2,1.0,1.1,2.3, 0.7, 0.1,0.9,1.0, 4.9
Earl Watson, UTA, PG,31,80, 13, 19.6,1.6,3.8, .410, 0.5,1.3,.336, 1.1, 2.5,.450,.469, 0.7,1.0,.671, 0.7,1.6,2.3,3.5, 0.8, 0.2,1.5,1.8, 4.3
Kyle Weaver, UTA, SG,24,5, 0, 13.8,1.8,5.0, .360, 0.6,1.4,.429, 1.2, 3.6,.333,.420, 1.4,1.6,.875, 0.4,1.6,2.0,1.4, 0.4, 0.4,1.4,0.6, 5.6
Martell Webster, MIN, SF,24,46, 1, 23.8,3.3,7.4, .447, 1.2,2.9,.417, 2.1, 4.5,.466,.528, 2.0,2.7,.770, 0.8,2.4,3.2,1.2, 0.6, 0.2,1.3,2.2, 9.8
Sonny Weems, TOR, SF,24,59, 28, 23.9,3.9,8.7, .444, 0.3,1.0,.279, 3.6, 7.7,.467,.461, 1.2,1.6,.766, 0.7,1.9,2.6,1.8, 0.6, 0.0,1.5,1.5, 9.2
David West, NOH, PF,30,70, 70, 35.0,7.5,14.9, .508, 0.0,0.1,.222, 7.5, 14.7,.510,.509, 3.8,4.7,.807, 2.2,5.3,7.6,2.3, 1.0, 0.9,2.0,2.9, 18.9
Delonte West, BOS, PG,27,24, 2, 18.9,2.3,5.0, .458, 0.5,1.4,.364, 1.8, 3.6,.494,.508, 0.5,0.6,.867, 0.3,1.3,1.5,2.7, 0.8, 0.4,1.3,1.2, 5.6
Mario West, NJN, SG,26,6, 3, 19.3,1.5,3.5, .429, 0.2,0.7,.250, 1.3, 2.8,.471,.452, 0.5,0.8,.600, 0.3,1.5,1.8,1.7, 1.2, 0.0,0.3,2.2, 3.7
Russell Westbrook, OKC, PG,22,82, 82, 34.7,7.5,17.0, .442, 0.4,1.3,.330, 7.1, 15.7,.451,.454, 6.5,7.7,.842, 1.5,3.1,4.6,8.2, 1.9, 0.4,3.9,2.5, 21.9
D.J. White, TOT, C-PF,24,47, 0, 14.6,2.4,4.7, .507, 0.0,0.0,.000, 2.4, 4.6,.512,.507, 1.0,1.4,.719, 0.9,2.4,3.4,0.4, 0.3, 0.4,0.3,1.6, 5.7
D.J. White, OKC, PF,24,23, 0, 9.5,1.3,2.8, .462, 0.0,0.0,, 1.3, 2.8,.462,.462, 0.2,0.4,.500, 0.5,1.7,2.3,0.2, 0.3, 0.3,0.3,1.3, 2.8
D.J. White, CHA, C,24,24, 0, 19.4,3.4,6.4, .526, 0.0,0.1,.000, 3.4, 6.3,.533,.526, 1.7,2.3,.759, 1.3,3.1,4.4,0.6, 0.3, 0.5,0.3,1.9, 8.5
Hassan Whiteside, SAC, C,21,1, 0, 2.0,0.0,0.0, , 0.0,0.0,, 0.0, 0.0,,, 0.0,0.0,, 0.0,0.0,0.0,0.0, 0.0, 0.0,0.0,2.0, 0.0
Chris Wilcox, DET, PF,28,57, 29, 17.5,3.3,5.6, .581, 0.0,0.0,.000, 3.3, 5.6,.583,.581, 0.9,1.6,.562, 1.7,3.1,4.8,0.8, 0.5, 0.3,0.8,2.5, 7.4
Damien Wilkins, ATL, SF,31,52, 0, 13.0,1.3,2.6, .504, 0.0,0.2,.200, 1.3, 2.4,.528,.511, 0.8,1.1,.714, 0.4,1.3,1.7,0.8, 0.5, 0.2,0.4,1.4, 3.5
Deron Williams, TOT, PG,26,65, 65, 37.9,6.6,15.0, .439, 1.6,4.9,.331, 5.0, 10.1,.491,.493, 5.4,6.3,.845, 0.6,3.4,4.0,10.3, 1.2, 0.2,3.5,2.9, 20.1
Deron Williams, UTA, PG,26,53, 53, 37.9,7.0,15.2, .458, 1.7,4.9,.345, 5.3, 10.3,.511,.513, 5.7,6.7,.853, 0.6,3.3,3.9,9.7, 1.2, 0.2,3.5,2.9, 21.3
Deron Williams, NJN, PG,26,12, 12, 38.0,4.9,14.1, .349, 1.3,4.9,.271, 3.6, 9.2,.391,.396, 3.8,4.8,.793, 0.7,3.9,4.6,12.8, 1.3, 0.3,3.6,3.2, 15.0
Jason Williams, TOT, PG,35,27, 0, 10.9,0.8,2.5, .328, 0.4,1.4,.263, 0.4, 1.1,.414,.403, 0.0,0.0,, 0.1,1.0,1.1,1.9, 0.4, 0.0,0.7,0.3, 2.0
Jason Williams, ORL, PG,35,16, 0, 10.7,0.8,2.4, .342, 0.4,1.4,.304, 0.4, 0.9,.400,.434, 0.0,0.0,, 0.2,1.2,1.4,1.5, 0.5, 0.0,0.7,0.4, 2.1
Jason Williams, MEM, PG,35,11, 0, 11.3,0.8,2.6, .310, 0.3,1.4,.200, 0.5, 1.3,.429,.362, 0.0,0.0,, 0.0,0.7,0.7,2.5, 0.3, 0.1,0.6,0.2, 1.9
Jawad Williams, CLE, SF,27,26, 1, 15.0,1.6,4.8, .325, 0.5,1.7,.289, 1.1, 3.1,.346,.377, 0.3,0.5,.750, 0.3,1.6,1.8,0.8, 0.3, 0.1,0.6,1.3, 4.0
Lou Williams, PHI, SG,24,75, 0, 23.3,4.3,10.6, .406, 1.2,3.4,.348, 3.1, 7.2,.434,.462, 3.9,4.7,.823, 0.4,1.6,2.0,3.4, 0.6, 0.2,1.4,1.7, 13.7
Marvin Williams, ATL, SF,24,65, 52, 28.7,3.8,8.3, .458, 0.6,1.7,.336, 3.2, 6.6,.489,.493, 2.3,2.7,.845, 1.0,3.8,4.8,1.4, 0.5, 0.4,1.0,1.6, 10.4
Mo Williams, TOT, PG,28,58, 56, 30.8,5.0,12.6, .399, 1.4,4.2,.324, 3.7, 8.4,.436,.453, 2.6,3.1,.853, 0.4,2.3,2.6,6.6, 0.9, 0.2,2.9,2.6, 14.0
Mo Williams, CLE, PG,28,36, 34, 29.6,4.9,12.8, .385, 1.0,3.8,.265, 3.9, 9.1,.436,.424, 2.4,2.8,.833, 0.4,2.3,2.7,7.1, 0.9, 0.3,2.9,2.5, 13.3
Mo Williams, LAC, PG,28,22, 22, 32.9,5.1,12.2, .422, 2.0,4.9,.398, 3.2, 7.3,.438,.502, 3.0,3.4,.880, 0.3,2.3,2.5,5.6, 0.9, 0.0,3.0,2.7, 15.2
Reggie Williams, GSW, SF,24,80, 9, 20.3,3.4,7.2, .469, 1.3,3.0,.423, 2.1, 4.1,.502,.558, 1.3,1.7,.746, 0.6,2.1,2.7,1.5, 0.4, 0.0,0.7,1.6, 9.2
Shawne Williams, NYK, PF,24,64, 11, 20.7,2.6,6.0, .426, 1.3,3.3,.401, 1.2, 2.7,.457,.536, 0.6,0.8,.837, 0.9,2.8,3.7,0.7, 0.6, 0.8,0.7,2.6, 7.1
Shelden Williams, TOT, PF,27,59, 38, 15.4,1.7,3.7, .468, 0.0,0.0,, 1.7, 3.7,.468,.468, 1.0,1.3,.773, 1.6,3.1,4.6,0.5, 0.4, 0.4,0.7,2.1, 4.5
Shelden Williams, DEN, PF,27,42, 32, 17.0,2.0,4.3, .453, 0.0,0.0,, 2.0, 4.3,.453,.453, 0.8,1.1,.739, 1.8,3.5,5.3,0.5, 0.4, 0.5,0.9,2.2, 4.7
Shelden Williams, NYK, PF,27,17, 6, 11.6,1.2,2.3, .538, 0.0,0.0,, 1.2, 2.3,.538,.538, 1.4,1.7,.828, 1.1,1.8,2.9,0.8, 0.3, 0.2,0.4,2.0, 3.9
Terrence Williams, TOT, SG,23,21, 0, 13.8,2.0,5.5, .374, 0.3,1.0,.273, 1.8, 4.4,.398,.400, 0.7,1.0,.667, 0.2,2.2,2.4,1.8, 0.4, 0.0,1.6,1.2, 5.0
Terrence Williams, NJN, SG,23,10, 0, 20.6,2.9,7.3, .397, 0.4,1.2,.333, 2.5, 6.1,.410,.425, 0.5,1.0,.500, 0.3,3.3,3.6,3.1, 0.5, 0.0,2.5,2.1, 6.7
Terrence Williams, HOU, SG,23,11, 0, 7.6,1.3,3.8, .333, 0.2,0.9,.200, 1.1, 2.9,.375,.357, 0.8,1.0,.818, 0.1,1.3,1.4,0.6, 0.4, 0.0,0.7,0.4, 3.5
Metta World Peace, LAL, SF,31,82, 82, 29.4,3.2,8.0, .397, 1.0,2.8,.356, 2.2, 5.2,.419,.460, 1.1,1.7,.676, 1.2,2.0,3.3,2.1, 1.5, 0.4,1.1,2.2, 8.5
Antoine Wright, SAC, SG,26,7, 0, 4.4,0.1,1.1, .125, 0.0,0.6,.000, 0.1, 0.6,.250,.125, 0.0,0.0,, 0.3,0.1,0.4,0.0, 0.1, 0.0,0.1,0.4, 0.3
Brandan Wright, TOT, PF,23,37, 2, 10.2,1.6,3.2, .513, 0.0,0.0,, 1.6, 3.2,.513,.513, 0.6,0.8,.677, 0.8,1.6,2.4,0.3, 0.3, 0.5,0.4,0.9, 3.8
Brandan Wright, GSW, PF,23,21, 1, 9.3,1.8,3.0, .603, 0.0,0.0,, 1.8, 3.0,.603,.603, 0.3,0.7,.500, 0.7,1.3,2.0,0.2, 0.1, 0.5,0.5,0.9, 4.0
Brandan Wright, NJN, PF,23,16, 1, 11.5,1.4,3.4, .407, 0.0,0.0,, 1.4, 3.4,.407,.407, 0.9,1.1,.824, 1.1,1.9,3.0,0.4, 0.5, 0.4,0.3,0.9, 3.6
Dorell Wright, GSW, SF,25,82, 82, 38.4,5.9,14.0, .423, 2.4,6.3,.376, 3.5, 7.7,.462,.508, 2.2,2.8,.789, 1.1,4.2,5.3,3.0, 1.5, 0.8,1.6,2.1, 16.4
Julian Wright, TOR, SF,23,52, 6, 14.7,1.6,3.1, .513, 0.0,0.2,.200, 1.5, 2.9,.533,.519, 0.4,0.8,.512, 0.9,1.4,2.3,1.1, 0.8, 0.4,0.8,0.9, 3.6
Nick Young, WAS, SG,25,64, 40, 31.8,6.4,14.6, .441, 1.6,4.2,.387, 4.8, 10.4,.462,.497, 2.9,3.6,.816, 0.4,2.3,2.7,1.2, 0.7, 0.3,1.4,2.3, 17.4
Sam Young, MEM, SF,25,78, 46, 20.2,3.0,6.3, .472, 0.2,0.6,.340, 2.8, 5.7,.486,.489, 1.1,1.5,.767, 0.5,1.9,2.4,0.9, 0.9, 0.3,0.8,1.5, 7.3
Thaddeus Young, PHI, PF,22,82, 1, 26.0,5.6,10.3, .541, 0.1,0.3,.273, 5.5, 10.1,.548,.544, 1.5,2.1,.707, 1.9,3.4,5.3,1.0, 1.1, 0.3,1.2,2.1, 12.7
